county_fips,county,weather_zone,zone_share,zone_source
48001,Anderson,EAST,1.000,ercot_zip
48003,Andrews,FWEST,1.000,ercot_zip
48005,Angelina,EAST,1.000,ercot_zip
48007,Aransas,SOUTH,1.000,ercot_zip
48009,Archer,NORTH,0.945,ercot_zip
48011,Armstrong,NORTH,1.000,ercot_zip
48013,Atascosa,SOUTH,0.870,ercot_zip
48015,Austin,COAST,0.673,ercot_zip
48017,Bailey,NORTH,,nearest:48219
48019,Bandera,SCENT,0.867,ercot_zip
48021,Bastrop,SCENT,1.000,ercot_zip
48023,Baylor,NORTH,1.000,ercot_zip
48025,Bee,SOUTH,0.874,ercot_zip
48027,Bell,NCENT,0.968,ercot_zip
48029,Bexar,SCENT,0.998,ercot_zip
48031,Blanco,SCENT,1.000,ercot_zip
48033,Borden,FWEST,0.772,ercot_zip
48035,Bosque,NCENT,1.000,ercot_zip
48037,Bowie,NORTH,1.000,ercot_zip
48039,Brazoria,COAST,1.000,ercot_zip
48041,Brazos,EAST,1.000,ercot_zip
48043,Brewster,FWEST,1.000,ercot_zip
48045,Briscoe,NORTH,1.000,ercot_zip
48047,Brooks,SOUTH,1.000,ercot_zip
48049,Brown,NCENT,1.000,ercot_zip
48051,Burleson,SCENT,1.000,ercot_zip
48053,Burnet,SCENT,0.729,ercot_zip
48055,Caldwell,SCENT,1.000,ercot_zip
48057,Calhoun,COAST,0.936,ercot_zip
48059,Callahan,NCENT,0.920,ercot_zip
48061,Cameron,SOUTH,1.000,ercot_zip
48063,Camp,EAST,1.000,ercot_zip
48065,Carson,NORTH,1.000,ercot_zip
48067,Cass,EAST,1.000,ercot_zip
48069,Castro,NORTH,,nearest:48437
48071,Chambers,COAST,1.000,ercot_zip
48073,Cherokee,EAST,1.000,ercot_zip
48075,Childress,NORTH,1.000,ercot_zip
48077,Clay,NORTH,1.000,ercot_zip
48079,Cochran,NORTH,,nearest:48219
48081,Coke,WEST,1.000,ercot_zip
48083,Coleman,WEST,0.950,ercot_zip
48085,Collin,NCENT,0.990,ercot_zip
48087,Collingsworth,NORTH,1.000,ercot_zip
48089,Colorado,SCENT,0.848,ercot_zip
48091,Comal,SCENT,1.000,ercot_zip
48093,Comanche,NCENT,1.000,ercot_zip
48095,Concho,WEST,1.000,ercot_zip
48097,Cooke,NORTH,0.973,ercot_zip
48099,Coryell,NCENT,0.998,ercot_zip
48101,Cottle,NORTH,1.000,ercot_zip
48103,Crane,FWEST,1.000,ercot_zip
48105,Crockett,FWEST,0.929,ercot_zip
48107,Crosby,NORTH,1.000,ercot_zip
48109,Culberson,FWEST,1.000,ercot_zip
48111,Dallam,NORTH,,nearest:48359
48113,Dallas,NCENT,1.000,ercot_zip
48115,Dawson,FWEST,1.000,ercot_zip
48117,Deaf Smith,NORTH,1.000,ercot_zip
48119,Delta,NCENT,1.000,ercot_zip
48121,Denton,NCENT,0.995,ercot_zip
48123,DeWitt,SCENT,1.000,ercot_zip
48125,Dickens,NORTH,1.000,ercot_zip
48127,Dimmit,SOUTH,1.000,ercot_zip
48129,Donley,NORTH,1.000,ercot_zip
48131,Duval,SOUTH,1.000,ercot_zip
48133,Eastland,NCENT,1.000,ercot_zip
48135,Ector,FWEST,1.000,ercot_zip
48137,Edwards,WEST,1.000,ercot_zip
48139,Ellis,NCENT,1.000,ercot_zip
48141,El Paso,FWEST,1.000,ercot_zip
48143,Erath,NCENT,1.000,ercot_zip
48145,Falls,NCENT,0.953,ercot_zip
48147,Fannin,NORTH,0.935,ercot_zip
48149,Fayette,SCENT,1.000,ercot_zip
48151,Fisher,WEST,1.000,ercot_zip
48153,Floyd,NORTH,1.000,ercot_zip
48155,Foard,NORTH,1.000,ercot_zip
48157,Fort Bend,COAST,1.000,ercot_zip
48159,Franklin,EAST,1.000,ercot_zip
48161,Freestone,EAST,0.969,ercot_zip
48163,Frio,SOUTH,0.994,ercot_zip
48165,Gaines,FWEST,1.000,ercot_zip
48167,Galveston,COAST,1.000,ercot_zip
48169,Garza,NORTH,1.000,ercot_zip
48171,Gillespie,WEST,1.000,ercot_zip
48173,Glasscock,FWEST,1.000,ercot_zip
48175,Goliad,SOUTH,0.916,ercot_zip
48177,Gonzales,SCENT,1.000,ercot_zip
48179,Gray,NORTH,1.000,ercot_zip
48181,Grayson,NORTH,0.985,ercot_zip
48183,Gregg,EAST,1.000,ercot_zip
48185,Grimes,EAST,0.988,ercot_zip
48187,Guadalupe,SCENT,1.000,ercot_zip
48189,Hale,NORTH,,nearest:48437
48191,Hall,NORTH,1.000,ercot_zip
48193,Hamilton,NCENT,1.000,ercot_zip
48195,Hansford,NORTH,,nearest:48393
48197,Hardeman,NORTH,1.000,ercot_zip
48199,Hardin,COAST,1.000,ercot_zip
48201,Harris,COAST,1.000,ercot_zip
48203,Harrison,EAST,1.000,ercot_zip
48205,Hartley,NORTH,,nearest:48359
48207,Haskell,NORTH,0.872,ercot_zip
48209,Hays,SCENT,1.000,ercot_zip
48211,Hemphill,NORTH,1.000,ercot_zip
48213,Henderson,EAST,0.863,ercot_zip
48215,Hidalgo,SOUTH,1.000,ercot_zip
48217,Hill,NCENT,1.000,ercot_zip
48219,Hockley,NORTH,1.000,ercot_zip
48221,Hood,NCENT,1.000,ercot_zip
48223,Hopkins,EAST,0.989,ercot_zip
48225,Houston,EAST,1.000,ercot_zip
48227,Howard,FWEST,1.000,ercot_zip
48229,Hudspeth,FWEST,1.000,ercot_zip
48231,Hunt,NCENT,0.950,ercot_zip
48233,Hutchinson,NORTH,,nearest:48065
48235,Irion,WEST,1.000,ercot_zip
48237,Jack,NCENT,0.844,ercot_zip
48239,Jackson,COAST,1.000,ercot_zip
48241,Jasper,COAST,0.902,ercot_zip
48243,Jeff Davis,FWEST,1.000,ercot_zip
48245,Jefferson,COAST,1.000,ercot_zip
48247,Jim Hogg,SOUTH,1.000,ercot_zip
48249,Jim Wells,SOUTH,1.000,ercot_zip
48251,Johnson,NCENT,1.000,ercot_zip
48253,Jones,WEST,1.000,ercot_zip
48255,Karnes,SCENT,1.000,ercot_zip
48257,Kaufman,NCENT,0.975,ercot_zip
48259,Kendall,SCENT,0.902,ercot_zip
48261,Kenedy,SOUTH,1.000,ercot_zip
48263,Kent,NORTH,0.624,ercot_zip
48265,Kerr,WEST,0.893,ercot_zip
48267,Kimble,WEST,1.000,ercot_zip
48269,King,NORTH,1.000,ercot_zip
48271,Kinney,WEST,1.000,ercot_zip
48273,Kleberg,SOUTH,1.000,ercot_zip
48275,Knox,NORTH,1.000,ercot_zip
48277,Lamar,NORTH,1.000,ercot_zip
48279,Lamb,NORTH,,nearest:48219
48281,Lampasas,WEST,0.913,ercot_zip
48283,La Salle,SOUTH,1.000,ercot_zip
48285,Lavaca,SCENT,1.000,ercot_zip
48287,Lee,SCENT,1.000,ercot_zip
48289,Leon,EAST,1.000,ercot_zip
48291,Liberty,COAST,1.000,ercot_zip
48293,Limestone,NCENT,0.949,ercot_zip
48295,Lipscomb,NORTH,,nearest:48211
48297,Live Oak,SOUTH,0.950,ercot_zip
48299,Llano,WEST,0.965,ercot_zip
48301,Loving,FWEST,1.000,ercot_zip
48303,Lubbock,NORTH,1.000,ercot_zip
48305,Lynn,FWEST,0.654,ercot_zip
48307,McCulloch,WEST,1.000,ercot_zip
48309,McLennan,NCENT,1.000,ercot_zip
48311,McMullen,SOUTH,1.000,ercot_zip
48313,Madison,EAST,1.000,ercot_zip
48315,Marion,EAST,1.000,ercot_zip
48317,Martin,FWEST,1.000,ercot_zip
48319,Mason,WEST,1.000,ercot_zip
48321,Matagorda,COAST,1.000,ercot_zip
48323,Maverick,SOUTH,1.000,ercot_zip
48325,Medina,SCENT,0.961,ercot_zip
48327,Menard,WEST,1.000,ercot_zip
48329,Midland,FWEST,1.000,ercot_zip
48331,Milam,SCENT,0.905,ercot_zip
48333,Mills,NCENT,0.956,ercot_zip
48335,Mitchell,WEST,1.000,ercot_zip
48337,Montague,NORTH,0.999,ercot_zip
48339,Montgomery,COAST,0.962,ercot_zip
48341,Moore,NORTH,,nearest:48375
48343,Morris,EAST,1.000,ercot_zip
48345,Motley,NORTH,1.000,ercot_zip
48347,Nacogdoches,EAST,1.000,ercot_zip
48349,Navarro,NCENT,0.925,ercot_zip
48351,Newton,COAST,0.990,ercot_zip
48353,Nolan,WEST,1.000,ercot_zip
48355,Nueces,SOUTH,1.000,ercot_zip
48357,Ochiltree,NORTH,,nearest:48393
48359,Oldham,NORTH,1.000,ercot_zip
48361,Orange,COAST,1.000,ercot_zip
48363,Palo Pinto,NCENT,1.000,ercot_zip
48365,Panola,EAST,1.000,ercot_zip
48367,Parker,NCENT,1.000,ercot_zip
48369,Parmer,NORTH,,nearest:48117
48371,Pecos,FWEST,1.000,ercot_zip
48373,Polk,COAST,1.000,ercot_zip
48375,Potter,NORTH,1.000,ercot_zip
48377,Presidio,FWEST,1.000,ercot_zip
48379,Rains,EAST,0.931,ercot_zip
48381,Randall,NORTH,,nearest:48437
48383,Reagan,FWEST,1.000,ercot_zip
48385,Real,WEST,1.000,ercot_zip
48387,Red River,NORTH,1.000,ercot_zip
48389,Reeves,FWEST,1.000,ercot_zip
48391,Refugio,SOUTH,1.000,ercot_zip
48393,Roberts,NORTH,1.000,ercot_zip
48395,Robertson,EAST,0.959,ercot_zip
48397,Rockwall,NCENT,1.000,ercot_zip
48399,Runnels,WEST,1.000,ercot_zip
48401,Rusk,EAST,1.000,ercot_zip
48403,Sabine,EAST,1.000,ercot_zip
48405,San Augustine,EAST,1.000,ercot_zip
48407,San Jacinto,COAST,1.000,ercot_zip
48409,San Patricio,SOUTH,1.000,ercot_zip
48411,San Saba,WEST,1.000,ercot_zip
48413,Schleicher,WEST,1.000,ercot_zip
48415,Scurry,WEST,1.000,ercot_zip
48417,Shackelford,NCENT,0.724,ercot_zip
48419,Shelby,EAST,1.000,ercot_zip
48421,Sherman,NORTH,,nearest:48065
48423,Smith,EAST,1.000,ercot_zip
48425,Somervell,NCENT,1.000,ercot_zip
48427,Starr,SOUTH,1.000,ercot_zip
48429,Stephens,NCENT,1.000,ercot_zip
48431,Sterling,WEST,1.000,ercot_zip
48433,Stonewall,NORTH,0.884,ercot_zip
48435,Sutton,WEST,1.000,ercot_zip
48437,Swisher,NORTH,1.000,ercot_zip
48439,Tarrant,NCENT,1.000,ercot_zip
48441,Taylor,WEST,1.000,ercot_zip
48443,Terrell,FWEST,1.000,ercot_zip
48445,Terry,FWEST,,nearest:48115
48447,Throckmorton,NCENT,0.959,ercot_zip
48449,Titus,EAST,1.000,ercot_zip
48451,Tom Green,WEST,1.000,ercot_zip
48453,Travis,SCENT,1.000,ercot_zip
48455,Trinity,EAST,1.000,ercot_zip
48457,Tyler,COAST,1.000,ercot_zip
48459,Upshur,EAST,1.000,ercot_zip
48461,Upton,FWEST,1.000,ercot_zip
48463,Uvalde,WEST,1.000,ercot_zip
48465,Val Verde,WEST,0.810,ercot_zip
48467,Van Zandt,EAST,0.943,ercot_zip
48469,Victoria,COAST,0.951,ercot_zip
48471,Walker,EAST,1.000,ercot_zip
48473,Waller,COAST,0.994,ercot_zip
48475,Ward,FWEST,1.000,ercot_zip
48477,Washington,SCENT,0.996,ercot_zip
48479,Webb,SOUTH,1.000,ercot_zip
48481,Wharton,COAST,1.000,ercot_zip
48483,Wheeler,NORTH,1.000,ercot_zip
48485,Wichita,NORTH,1.000,ercot_zip
48487,Wilbarger,NORTH,1.000,ercot_zip
48489,Willacy,SOUTH,1.000,ercot_zip
48491,Williamson,SCENT,0.973,ercot_zip
48493,Wilson,SCENT,0.986,ercot_zip
48495,Winkler,FWEST,1.000,ercot_zip
48497,Wise,NCENT,0.970,ercot_zip
48499,Wood,EAST,1.000,ercot_zip
48501,Yoakum,FWEST,,nearest:48165
48503,Young,NCENT,1.000,ercot_zip
48505,Zapata,SOUTH,1.000,ercot_zip
48507,Zavala,SOUTH,1.000,ercot_zip
