year,utility_number,utility,standard,customers,saidi_with_med,saidi_without_med
2019,3278,AEP Texas Central,IEEE,855355.0,233.8,167.0
2020,3278,AEP Texas Central,IEEE,869844.0,515.6,170.1
2021,3278,AEP Texas Central,IEEE,883117.0,1901.1,186.3
2022,3278,AEP Texas Central,IEEE,894484.0,208.9,166.2
2023,3278,AEP Texas Central,IEEE,901182.0,408.9,169.7
2024,3278,AEP Texas Central,IEEE,913164.0,228.5,149.6
2019,20404,AEP Texas North,IEEE,193284.0,200.7,111.2
2020,20404,AEP Texas North,IEEE,195031.0,280.1,114.1
2021,20404,AEP Texas North,IEEE,196515.0,1136.6,113.9
2022,20404,AEP Texas North,IEEE,197430.0,120.6,120.6
2023,20404,AEP Texas North,IEEE,198209.0,144.9,105.9
2024,20404,AEP Texas North,IEEE,199119.0,108.0,102.6
2019,1015,Austin Energy,IEEE,502963.0,86.42,68.68
2020,1015,Austin Energy,IEEE,500167.0,54.27,54.27
2021,1015,Austin Energy,IEEE,515724.0,1921.89,63.4
2022,1015,Austin Energy,IEEE,526186.0,85.12,67.69
2023,1015,Austin Energy,IEEE,536906.0,3265.45,83.75
2024,1015,Austin Energy,IEEE,557039.0,92.13,76.03
2019,8901,CenterPoint,IEEE,2564204.0,227.608,140.939
2020,8901,CenterPoint,IEEE,2610562.0,226.431,138.213
2021,8901,CenterPoint,IEEE,2667346.0,2365.551,149.913
2022,8901,CenterPoint,IEEE,2722082.0,231.61,170.15
2023,8901,CenterPoint,IEEE,2761886.0,353.8,144.292
2024,8901,CenterPoint,IEEE,2847806.0,4315.811,150.088
2019,44372,Oncor,Other,3567787.0,379.45,72.91
2020,44372,Oncor,Other,3694894.0,487.69,241.8
2021,44372,Oncor,Other,3717866.0,558.81,68.75
2022,44372,Oncor,Other,3781870.0,231.9,67.45
2023,44372,Oncor,Other,3929551.0,325.52,62.38
2024,44372,Oncor,Other,4013062.0,532.48,67.28
2019,40051,TNMP,Other,246383.0,131.7,124.3
2020,40051,TNMP,Other,251898.0,110.23,95.67
2021,40051,TNMP,Other,256355.0,203.7,102.3
2022,40051,TNMP,Other,259886.0,101.643,92.733
2023,40051,TNMP,Other,263647.0,129.74,101.2
2024,40051,TNMP,Other,268934.0,1946.11,118.37
