county_fips,start,storm
48001,2021-02-11T20:15:00Z,Winter Storm Uri
48001,2021-02-14T14:45:00Z,Winter Storm Uri
48001,2021-02-15T01:15:00Z,Winter Storm Uri
48001,2021-02-15T07:45:00Z,Winter Storm Uri
48001,2024-05-28T13:45:00Z,Memorial Day storms (Dallas derecho)
48001,2024-07-07T20:15:00Z,Hurricane Beryl
48001,2024-07-08T17:15:00Z,Hurricane Beryl
48003,2021-02-11T14:00:00Z,Winter Storm Uri
48003,2021-02-12T17:45:00Z,Winter Storm Uri
48003,2021-02-13T16:15:00Z,Winter Storm Uri
48003,2021-02-14T06:45:00Z,Winter Storm Uri
48003,2021-02-19T17:45:00Z,Winter Storm Uri
48005,2021-02-13T03:45:00Z,Winter Storm Uri
48005,2021-02-13T07:15:00Z,Winter Storm Uri
48005,2021-02-15T00:30:00Z,Winter Storm Uri
48005,2024-05-28T15:15:00Z,Memorial Day storms (Dallas derecho)
48005,2024-07-07T19:00:00Z,Hurricane Beryl
48005,2024-07-08T12:15:00Z,Hurricane Beryl
48005,2024-07-13T18:45:00Z,Hurricane Beryl
48007,2021-02-13T14:00:00Z,Winter Storm Uri
48007,2021-02-14T04:15:00Z,Winter Storm Uri
48007,2021-02-14T16:15:00Z,Winter Storm Uri
48007,2021-02-14T22:30:00Z,Winter Storm Uri
48009,2021-02-13T13:45:00Z,Winter Storm Uri
48009,2021-02-15T08:45:00Z,Winter Storm Uri
48009,2024-05-28T14:30:00Z,Memorial Day storms (Dallas derecho)
48009,2024-05-30T12:45:00Z,Memorial Day storms (Dallas derecho)
48011,2021-02-16T13:30:00Z,Winter Storm Uri
48011,2024-05-31T01:45:00Z,Memorial Day storms (Dallas derecho)
48013,2021-02-15T08:30:00Z,Winter Storm Uri
48013,2023-01-31T15:15:00Z,Winter Storm Mara (ice storm)
48013,2023-02-01T09:00:00Z,Winter Storm Mara (ice storm)
48015,2021-02-14T21:30:00Z,Winter Storm Uri
48015,2021-02-20T21:30:00Z,Winter Storm Uri
48015,2021-02-21T17:45:00Z,Winter Storm Uri
48015,2021-02-22T00:15:00Z,Winter Storm Uri
48015,2021-02-22T03:30:00Z,Winter Storm Uri
48015,2021-09-13T03:30:00Z,Hurricane Nicholas
48015,2021-09-13T12:45:00Z,Hurricane Nicholas
48015,2021-09-13T18:30:00Z,Hurricane Nicholas
48015,2024-05-16T13:30:00Z,Houston derecho
48015,2024-05-16T19:45:00Z,Houston derecho
48015,2024-05-28T19:30:00Z,Memorial Day storms (Dallas derecho)
48015,2024-07-08T12:00:00Z,Hurricane Beryl
48015,2024-07-13T12:30:00Z,Hurricane Beryl
48017,2021-02-16T13:45:00Z,Winter Storm Uri
48019,2021-02-14T18:30:00Z,Winter Storm Uri
48019,2021-02-15T00:30:00Z,Winter Storm Uri
48019,2021-02-15T08:15:00Z,Winter Storm Uri
48019,2021-02-21T03:30:00Z,Winter Storm Uri
48019,2023-02-02T00:15:00Z,Winter Storm Mara (ice storm)
48019,2023-02-02T18:45:00Z,Winter Storm Mara (ice storm)
48021,2021-02-11T19:30:00Z,Winter Storm Uri
48021,2021-02-12T10:00:00Z,Winter Storm Uri
48021,2021-02-15T03:30:00Z,Winter Storm Uri
48021,2023-01-31T00:15:00Z,Winter Storm Mara (ice storm)
48021,2023-02-01T10:15:00Z,Winter Storm Mara (ice storm)
48023,2021-02-15T09:45:00Z,Winter Storm Uri
48023,2021-02-15T16:45:00Z,Winter Storm Uri
48023,2021-02-16T14:30:00Z,Winter Storm Uri
48023,2021-02-17T15:00:00Z,Winter Storm Uri
48025,2021-02-14T22:45:00Z,Winter Storm Uri
48025,2021-02-21T09:45:00Z,Winter Storm Uri
48025,2023-02-02T08:00:00Z,Winter Storm Mara (ice storm)
48027,2021-02-11T17:00:00Z,Winter Storm Uri
48027,2023-02-01T11:15:00Z,Winter Storm Mara (ice storm)
48027,2024-05-28T15:15:00Z,Memorial Day storms (Dallas derecho)
48027,2024-05-31T08:45:00Z,Memorial Day storms (Dallas derecho)
48029,2021-02-15T00:45:00Z,Winter Storm Uri
48029,2023-02-01T08:30:00Z,Winter Storm Mara (ice storm)
48031,2021-02-11T23:00:00Z,Winter Storm Uri
48031,2021-02-12T16:15:00Z,Winter Storm Uri
48031,2021-02-12T21:15:00Z,Winter Storm Uri
48031,2021-02-13T09:15:00Z,Winter Storm Uri
48031,2021-02-14T04:30:00Z,Winter Storm Uri
48031,2021-02-14T10:00:00Z,Winter Storm Uri
48031,2021-02-18T05:45:00Z,Winter Storm Uri
48031,2021-02-20T08:30:00Z,Winter Storm Uri
48031,2021-02-20T15:00:00Z,Winter Storm Uri
48031,2023-01-31T15:45:00Z,Winter Storm Mara (ice storm)
48031,2023-02-01T08:30:00Z,Winter Storm Mara (ice storm)
48033,2021-02-12T16:15:00Z,Winter Storm Uri
48033,2021-02-13T21:15:00Z,Winter Storm Uri
48033,2021-02-15T01:00:00Z,Winter Storm Uri
48033,2021-02-16T15:15:00Z,Winter Storm Uri
48033,2021-02-19T18:30:00Z,Winter Storm Uri
48035,2021-02-15T00:15:00Z,Winter Storm Uri
48035,2021-02-15T02:45:00Z,Winter Storm Uri
48035,2021-02-15T08:00:00Z,Winter Storm Uri
48035,2023-02-02T01:15:00Z,Winter Storm Mara (ice storm)
48035,2023-02-04T12:45:00Z,Winter Storm Mara (ice storm)
48035,2024-05-28T16:15:00Z,Memorial Day storms (Dallas derecho)
48035,2024-05-30T20:00:00Z,Memorial Day storms (Dallas derecho)
48035,2024-05-31T08:45:00Z,Memorial Day storms (Dallas derecho)
48037,2021-02-16T13:15:00Z,Winter Storm Uri
48037,2024-05-28T13:00:00Z,Memorial Day storms (Dallas derecho)
48039,2021-02-11T12:15:00Z,Winter Storm Uri
48039,2021-02-15T03:15:00Z,Winter Storm Uri
48039,2021-09-13T09:15:00Z,Hurricane Nicholas
48039,2024-05-16T23:30:00Z,Houston derecho
48039,2024-05-28T19:30:00Z,Memorial Day storms (Dallas derecho)
48039,2024-05-31T13:00:00Z,Memorial Day storms (Dallas derecho)
48039,2024-07-08T05:45:00Z,Hurricane Beryl
48039,2024-07-20T00:30:00Z,Hurricane Beryl
48041,2021-02-15T07:30:00Z,Winter Storm Uri
48041,2024-05-28T16:45:00Z,Memorial Day storms (Dallas derecho)
48041,2024-07-08T14:30:00Z,Hurricane Beryl
48041,2024-07-18T03:15:00Z,Hurricane Beryl
48041,2024-07-19T05:00:00Z,Hurricane Beryl
48043,2021-02-15T10:30:00Z,Winter Storm Uri
48045,2024-06-01T06:00:00Z,Memorial Day storms (Dallas derecho)
48047,2021-02-15T03:00:00Z,Winter Storm Uri
48047,2023-02-01T22:45:00Z,Winter Storm Mara (ice storm)
48047,2023-02-02T21:00:00Z,Winter Storm Mara (ice storm)
48049,2021-02-14T20:45:00Z,Winter Storm Uri
48049,2021-02-15T06:15:00Z,Winter Storm Uri
48049,2021-02-19T13:15:00Z,Winter Storm Uri
48049,2024-05-28T14:45:00Z,Memorial Day storms (Dallas derecho)
48049,2024-05-31T02:45:00Z,Memorial Day storms (Dallas derecho)
48051,2021-02-11T00:30:00Z,Winter Storm Uri
48051,2021-02-15T03:15:00Z,Winter Storm Uri
48051,2021-02-15T07:30:00Z,Winter Storm Uri
48051,2021-02-19T11:00:00Z,Winter Storm Uri
48051,2023-02-01T11:45:00Z,Winter Storm Mara (ice storm)
48051,2023-02-04T19:00:00Z,Winter Storm Mara (ice storm)
48053,2021-02-11T18:15:00Z,Winter Storm Uri
48053,2021-02-13T07:30:00Z,Winter Storm Uri
48053,2021-02-13T16:00:00Z,Winter Storm Uri
48053,2021-02-14T20:45:00Z,Winter Storm Uri
48053,2023-02-01T10:45:00Z,Winter Storm Mara (ice storm)
48055,2021-02-11T18:15:00Z,Winter Storm Uri
48055,2021-02-15T08:00:00Z,Winter Storm Uri
48055,2023-02-01T08:45:00Z,Winter Storm Mara (ice storm)
48055,2023-02-04T10:00:00Z,Winter Storm Mara (ice storm)
48057,2021-02-15T00:45:00Z,Winter Storm Uri
48057,2021-09-13T22:30:00Z,Hurricane Nicholas
48057,2021-09-14T18:45:00Z,Hurricane Nicholas
48057,2021-09-16T13:30:00Z,Hurricane Nicholas
48057,2024-05-31T13:30:00Z,Memorial Day storms (Dallas derecho)
48057,2024-06-01T15:00:00Z,Memorial Day storms (Dallas derecho)
48057,2024-07-07T10:45:00Z,Hurricane Beryl
48057,2024-07-08T06:45:00Z,Hurricane Beryl
48057,2024-07-10T23:00:00Z,Hurricane Beryl
48059,2021-02-11T12:15:00Z,Winter Storm Uri
48059,2021-02-15T08:15:00Z,Winter Storm Uri
48059,2023-02-02T19:15:00Z,Winter Storm Mara (ice storm)
48059,2024-05-28T14:15:00Z,Memorial Day storms (Dallas derecho)
48059,2024-05-28T19:30:00Z,Memorial Day storms (Dallas derecho)
48059,2024-05-31T01:30:00Z,Memorial Day storms (Dallas derecho)
48059,2024-06-01T11:00:00Z,Memorial Day storms (Dallas derecho)
48061,2021-02-13T19:15:00Z,Winter Storm Uri
48061,2021-02-15T00:30:00Z,Winter Storm Uri
48063,2021-02-11T11:45:00Z,Winter Storm Uri
48063,2021-02-15T06:45:00Z,Winter Storm Uri
48063,2021-02-15T23:15:00Z,Winter Storm Uri
48063,2021-09-16T22:00:00Z,Hurricane Nicholas
48063,2024-05-28T12:45:00Z,Memorial Day storms (Dallas derecho)
48063,2024-05-29T17:45:00Z,Memorial Day storms (Dallas derecho)
48063,2024-05-30T21:15:00Z,Memorial Day storms (Dallas derecho)
48063,2024-07-08T22:45:00Z,Hurricane Beryl
48063,2024-07-17T14:15:00Z,Hurricane Beryl
48063,2024-07-17T20:45:00Z,Hurricane Beryl
48065,2021-02-16T13:15:00Z,Winter Storm Uri
48065,2024-05-29T00:30:00Z,Memorial Day storms (Dallas derecho)
48067,2021-02-14T10:15:00Z,Winter Storm Uri
48067,2021-02-15T06:45:00Z,Winter Storm Uri
48067,2021-02-16T10:15:00Z,Winter Storm Uri
48067,2021-02-18T05:15:00Z,Winter Storm Uri
48067,2021-09-15T13:45:00Z,Hurricane Nicholas
48067,2021-09-16T21:30:00Z,Hurricane Nicholas
48067,2024-05-28T14:00:00Z,Memorial Day storms (Dallas derecho)
48067,2024-05-28T18:45:00Z,Memorial Day storms (Dallas derecho)
48067,2024-05-30T19:00:00Z,Memorial Day storms (Dallas derecho)
48067,2024-07-08T20:45:00Z,Hurricane Beryl
48067,2024-07-17T21:15:00Z,Hurricane Beryl
48069,2021-02-16T13:00:00Z,Winter Storm Uri
48069,2021-02-16T23:15:00Z,Winter Storm Uri
48069,2024-05-29T00:30:00Z,Memorial Day storms (Dallas derecho)
48069,2024-05-29T05:00:00Z,Memorial Day storms (Dallas derecho)
48069,2024-05-29T14:00:00Z,Memorial Day storms (Dallas derecho)
48071,2021-02-15T13:30:00Z,Winter Storm Uri
48071,2021-02-16T02:15:00Z,Winter Storm Uri
48071,2021-09-14T01:15:00Z,Hurricane Nicholas
48071,2024-05-15T22:15:00Z,Houston derecho
48071,2024-05-16T23:15:00Z,Houston derecho
48071,2024-05-18T06:45:00Z,Houston derecho
48071,2024-05-28T19:15:00Z,Memorial Day storms (Dallas derecho)
48071,2024-05-31T04:30:00Z,Memorial Day storms (Dallas derecho)
48071,2024-07-08T10:45:00Z,Hurricane Beryl
48073,2021-02-11T22:15:00Z,Winter Storm Uri
48073,2021-02-15T00:15:00Z,Winter Storm Uri
48073,2024-05-28T14:15:00Z,Memorial Day storms (Dallas derecho)
48073,2024-07-08T14:30:00Z,Hurricane Beryl
48073,2024-07-08T16:45:00Z,Hurricane Beryl
48073,2024-07-18T10:00:00Z,Hurricane Beryl
48075,2021-02-15T09:45:00Z,Winter Storm Uri
48077,2021-02-15T08:15:00Z,Winter Storm Uri
48077,2021-02-21T03:45:00Z,Winter Storm Uri
48077,2024-05-28T08:45:00Z,Memorial Day storms (Dallas derecho)
48079,2024-05-28T20:45:00Z,Memorial Day storms (Dallas derecho)
48081,2021-02-14T07:15:00Z,Winter Storm Uri
48081,2021-02-14T16:30:00Z,Winter Storm Uri
48081,2021-02-14T21:00:00Z,Winter Storm Uri
48081,2021-02-15T07:45:00Z,Winter Storm Uri
48081,2021-02-16T23:45:00Z,Winter Storm Uri
48081,2021-02-17T08:30:00Z,Winter Storm Uri
48081,2021-02-18T03:15:00Z,Winter Storm Uri
48081,2021-02-19T19:15:00Z,Winter Storm Uri
48083,2021-02-15T09:45:00Z,Winter Storm Uri
48083,2021-02-15T13:45:00Z,Winter Storm Uri
48083,2021-02-15T19:15:00Z,Winter Storm Uri
48085,2021-02-12T19:30:00Z,Winter Storm Uri
48085,2021-02-14T15:15:00Z,Winter Storm Uri
48085,2024-05-28T11:00:00Z,Memorial Day storms (Dallas derecho)
48089,2021-02-14T20:45:00Z,Winter Storm Uri
48089,2021-02-21T17:30:00Z,Winter Storm Uri
48089,2021-02-22T03:30:00Z,Winter Storm Uri
48089,2023-02-02T17:30:00Z,Winter Storm Mara (ice storm)
48089,2023-02-03T11:45:00Z,Winter Storm Mara (ice storm)
48089,2023-02-04T14:00:00Z,Winter Storm Mara (ice storm)
48089,2023-02-05T17:45:00Z,Winter Storm Mara (ice storm)
48091,2021-02-14T22:30:00Z,Winter Storm Uri
48091,2023-02-01T09:45:00Z,Winter Storm Mara (ice storm)
48093,2021-02-15T07:45:00Z,Winter Storm Uri
48093,2021-02-18T23:45:00Z,Winter Storm Uri
48093,2021-02-19T03:30:00Z,Winter Storm Uri
48093,2021-02-19T13:00:00Z,Winter Storm Uri
48093,2021-02-19T17:45:00Z,Winter Storm Uri
48093,2023-02-08T11:30:00Z,Winter Storm Mara (ice storm)
48093,2024-05-28T14:15:00Z,Memorial Day storms (Dallas derecho)
48093,2024-05-29T06:00:00Z,Memorial Day storms (Dallas derecho)
48093,2024-05-31T02:30:00Z,Memorial Day storms (Dallas derecho)
48095,2021-02-14T12:30:00Z,Winter Storm Uri
48095,2021-02-14T18:45:00Z,Winter Storm Uri
48095,2021-02-19T18:15:00Z,Winter Storm Uri
48097,2021-02-11T17:15:00Z,Winter Storm Uri
48097,2021-02-15T05:45:00Z,Winter Storm Uri
48097,2024-05-28T09:15:00Z,Memorial Day storms (Dallas derecho)
48097,2024-05-30T14:30:00Z,Memorial Day storms (Dallas derecho)
48097,2024-05-31T07:15:00Z,Memorial Day storms (Dallas derecho)
48099,2021-02-14T15:45:00Z,Winter Storm Uri
48099,2023-02-02T10:15:00Z,Winter Storm Mara (ice storm)
48099,2023-02-08T07:30:00Z,Winter Storm Mara (ice storm)
48099,2024-05-28T15:15:00Z,Memorial Day storms (Dallas derecho)
48099,2024-05-31T08:45:00Z,Memorial Day storms (Dallas derecho)
48101,2024-05-29T00:30:00Z,Memorial Day storms (Dallas derecho)
48103,2021-02-15T08:45:00Z,Winter Storm Uri
48103,2021-02-17T00:45:00Z,Winter Storm Uri
48107,2021-02-15T19:00:00Z,Winter Storm Uri
48107,2021-02-16T13:30:00Z,Winter Storm Uri
48113,2021-02-14T16:45:00Z,Winter Storm Uri
48113,2024-05-28T11:15:00Z,Memorial Day storms (Dallas derecho)
48115,2021-02-11T02:00:00Z,Winter Storm Uri
48115,2021-02-11T15:45:00Z,Winter Storm Uri
48115,2021-02-11T22:45:00Z,Winter Storm Uri
48115,2021-02-12T10:45:00Z,Winter Storm Uri
48115,2021-02-13T05:15:00Z,Winter Storm Uri
48115,2021-02-14T00:00:00Z,Winter Storm Uri
48115,2021-02-14T05:30:00Z,Winter Storm Uri
48115,2021-02-14T20:00:00Z,Winter Storm Uri
48115,2021-02-19T17:30:00Z,Winter Storm Uri
48115,2021-02-20T03:30:00Z,Winter Storm Uri
48117,2021-02-11T15:30:00Z,Winter Storm Uri
48117,2021-02-16T13:00:00Z,Winter Storm Uri
48117,2024-05-28T20:45:00Z,Memorial Day storms (Dallas derecho)
48117,2024-05-29T04:00:00Z,Memorial Day storms (Dallas derecho)
48117,2024-05-30T05:30:00Z,Memorial Day storms (Dallas derecho)
48117,2024-05-30T12:15:00Z,Memorial Day storms (Dallas derecho)
48119,2021-02-15T08:45:00Z,Winter Storm Uri
48119,2021-02-16T22:30:00Z,Winter Storm Uri
48119,2021-02-17T03:15:00Z,Winter Storm Uri
48119,2021-02-17T16:45:00Z,Winter Storm Uri
48119,2023-02-02T08:45:00Z,Winter Storm Mara (ice storm)
48119,2024-05-31T19:15:00Z,Memorial Day storms (Dallas derecho)
48121,2021-02-14T14:00:00Z,Winter Storm Uri
48121,2023-02-08T05:45:00Z,Winter Storm Mara (ice storm)
48121,2024-05-28T10:45:00Z,Memorial Day storms (Dallas derecho)
48123,2021-02-14T04:45:00Z,Winter Storm Uri
48123,2021-02-21T18:00:00Z,Winter Storm Uri
48125,2024-06-01T06:00:00Z,Memorial Day storms (Dallas derecho)
48127,2021-02-14T21:30:00Z,Winter Storm Uri
48127,2021-02-15T04:30:00Z,Winter Storm Uri
48127,2021-02-15T07:30:00Z,Winter Storm Uri
48129,2024-06-01T05:00:00Z,Memorial Day storms (Dallas derecho)
48131,2021-02-13T04:00:00Z,Winter Storm Uri
48131,2021-02-15T01:15:00Z,Winter Storm Uri
48131,2021-02-19T15:00:00Z,Winter Storm Uri
48131,2023-01-30T11:00:00Z,Winter Storm Mara (ice storm)
48131,2023-02-01T15:45:00Z,Winter Storm Mara (ice storm)
48131,2023-02-04T04:15:00Z,Winter Storm Mara (ice storm)
48131,2023-02-09T03:30:00Z,Winter Storm Mara (ice storm)
48133,2021-02-15T08:00:00Z,Winter Storm Uri
48133,2021-02-19T13:45:00Z,Winter Storm Uri
48133,2021-02-19T18:15:00Z,Winter Storm Uri
48133,2023-02-08T19:30:00Z,Winter Storm Mara (ice storm)
48133,2024-05-28T14:30:00Z,Memorial Day storms (Dallas derecho)
48133,2024-05-29T04:15:00Z,Memorial Day storms (Dallas derecho)
48133,2024-05-31T02:30:00Z,Memorial Day storms (Dallas derecho)
48133,2024-05-31T14:45:00Z,Memorial Day storms (Dallas derecho)
48135,2021-02-14T06:00:00Z,Winter Storm Uri
48137,2021-02-11T20:15:00Z,Winter Storm Uri
48137,2021-02-13T15:30:00Z,Winter Storm Uri
48139,2021-02-13T15:15:00Z,Winter Storm Uri
48139,2021-02-14T13:15:00Z,Winter Storm Uri
48139,2023-02-01T20:15:00Z,Winter Storm Mara (ice storm)
48139,2023-02-02T07:15:00Z,Winter Storm Mara (ice storm)
48139,2024-05-28T11:45:00Z,Memorial Day storms (Dallas derecho)
48143,2021-02-15T08:15:00Z,Winter Storm Uri
48143,2021-02-19T15:45:00Z,Winter Storm Uri
48143,2023-02-02T19:15:00Z,Winter Storm Mara (ice storm)
48143,2024-05-28T14:15:00Z,Memorial Day storms (Dallas derecho)
48143,2024-05-31T07:15:00Z,Memorial Day storms (Dallas derecho)
48145,2021-02-11T19:45:00Z,Winter Storm Uri
48145,2021-02-21T18:00:00Z,Winter Storm Uri
48145,2021-02-21T20:45:00Z,Winter Storm Uri
48145,2023-02-01T09:00:00Z,Winter Storm Mara (ice storm)
48145,2023-02-06T17:30:00Z,Winter Storm Mara (ice storm)
48145,2024-05-28T15:45:00Z,Memorial Day storms (Dallas derecho)
48145,2024-05-30T21:45:00Z,Memorial Day storms (Dallas derecho)
48145,2024-05-31T09:00:00Z,Memorial Day storms (Dallas derecho)
48147,2021-02-15T08:45:00Z,Winter Storm Uri
48147,2024-05-28T10:45:00Z,Memorial Day storms (Dallas derecho)
48149,2021-02-12T01:15:00Z,Winter Storm Uri
48149,2021-02-13T15:45:00Z,Winter Storm Uri
48149,2021-02-15T08:15:00Z,Winter Storm Uri
48149,2021-02-18T00:15:00Z,Winter Storm Uri
48149,2021-02-18T02:00:00Z,Winter Storm Uri
48149,2023-02-01T21:00:00Z,Winter Storm Mara (ice storm)
48151,2021-02-15T11:45:00Z,Winter Storm Uri
48151,2021-02-15T19:15:00Z,Winter Storm Uri
48151,2021-02-15T22:15:00Z,Winter Storm Uri
48155,2021-02-16T16:00:00Z,Winter Storm Uri
48157,2021-02-15T23:45:00Z,Winter Storm Uri
48157,2021-02-16T18:00:00Z,Winter Storm Uri
48157,2021-09-14T02:00:00Z,Hurricane Nicholas
48157,2024-05-16T23:15:00Z,Houston derecho
48157,2024-05-18T06:45:00Z,Houston derecho
48157,2024-05-28T20:00:00Z,Memorial Day storms (Dallas derecho)
48157,2024-07-08T14:15:00Z,Hurricane Beryl
48157,2024-07-10T02:00:00Z,Hurricane Beryl
48159,2021-02-11T11:00:00Z,Winter Storm Uri
48159,2021-02-11T17:45:00Z,Winter Storm Uri
48159,2021-02-15T06:00:00Z,Winter Storm Uri
48159,2021-02-21T18:45:00Z,Winter Storm Uri
48159,2024-05-28T13:30:00Z,Memorial Day storms (Dallas derecho)
48159,2024-05-30T21:15:00Z,Memorial Day storms (Dallas derecho)
48159,2024-07-08T21:30:00Z,Hurricane Beryl
48159,2024-07-09T01:30:00Z,Hurricane Beryl
48159,2024-07-15T16:30:00Z,Hurricane Beryl
48159,2024-07-17T20:30:00Z,Hurricane Beryl
48161,2021-02-11T19:30:00Z,Winter Storm Uri
48161,2021-09-13T14:00:00Z,Hurricane Nicholas
48161,2021-09-15T22:15:00Z,Hurricane Nicholas
48161,2024-05-28T15:45:00Z,Memorial Day storms (Dallas derecho)
48161,2024-05-31T22:15:00Z,Memorial Day storms (Dallas derecho)
48161,2024-07-07T22:00:00Z,Hurricane Beryl
48161,2024-07-08T17:30:00Z,Hurricane Beryl
48163,2021-02-13T15:30:00Z,Winter Storm Uri
48163,2021-02-14T23:30:00Z,Winter Storm Uri
48163,2021-02-15T02:30:00Z,Winter Storm Uri
48163,2021-02-19T15:30:00Z,Winter Storm Uri
48163,2023-02-08T15:15:00Z,Winter Storm Mara (ice storm)
48165,2021-02-11T17:30:00Z,Winter Storm Uri
48165,2021-02-12T10:45:00Z,Winter Storm Uri
48165,2021-02-14T07:45:00Z,Winter Storm Uri
48167,2021-02-11T10:00:00Z,Winter Storm Uri
48167,2021-02-11T12:45:00Z,Winter Storm Uri
48167,2021-02-15T03:30:00Z,Winter Storm Uri
48167,2021-09-13T16:45:00Z,Hurricane Nicholas
48167,2024-05-17T00:00:00Z,Houston derecho
48167,2024-05-18T23:30:00Z,Houston derecho
48167,2024-05-21T16:45:00Z,Houston derecho
48167,2024-05-28T19:30:00Z,Memorial Day storms (Dallas derecho)
48167,2024-05-31T12:15:00Z,Memorial Day storms (Dallas derecho)
48167,2024-07-08T06:15:00Z,Hurricane Beryl
48167,2024-07-20T02:15:00Z,Hurricane Beryl
48169,2021-02-11T08:00:00Z,Winter Storm Uri
48169,2021-02-12T10:45:00Z,Winter Storm Uri
48169,2021-02-16T15:00:00Z,Winter Storm Uri
48169,2021-02-18T04:30:00Z,Winter Storm Uri
48169,2021-02-19T18:45:00Z,Winter Storm Uri
48169,2024-05-28T21:30:00Z,Memorial Day storms (Dallas derecho)
48169,2024-05-31T03:15:00Z,Memorial Day storms (Dallas derecho)
48171,2021-02-11T13:45:00Z,Winter Storm Uri
48173,2021-02-12T23:15:00Z,Winter Storm Uri
48173,2021-02-13T20:15:00Z,Winter Storm Uri
48173,2021-02-14T05:15:00Z,Winter Storm Uri
48173,2021-02-19T00:15:00Z,Winter Storm Uri
48173,2021-02-19T05:15:00Z,Winter Storm Uri
48173,2021-02-19T18:30:00Z,Winter Storm Uri
48173,2021-02-21T07:45:00Z,Winter Storm Uri
48175,2021-02-14T11:15:00Z,Winter Storm Uri
48175,2021-02-14T22:00:00Z,Winter Storm Uri
48177,2021-02-11T17:00:00Z,Winter Storm Uri
48177,2021-02-13T15:00:00Z,Winter Storm Uri
48177,2021-02-14T05:30:00Z,Winter Storm Uri
48177,2021-02-14T11:00:00Z,Winter Storm Uri
48177,2021-02-17T03:00:00Z,Winter Storm Uri
48177,2021-02-17T05:15:00Z,Winter Storm Uri
48177,2021-02-17T07:45:00Z,Winter Storm Uri
48177,2021-02-17T12:00:00Z,Winter Storm Uri
48179,2021-02-16T13:15:00Z,Winter Storm Uri
48181,2021-02-14T16:45:00Z,Winter Storm Uri
48181,2024-05-28T10:15:00Z,Memorial Day storms (Dallas derecho)
48183,2021-02-15T00:00:00Z,Winter Storm Uri
48183,2021-02-15T16:15:00Z,Winter Storm Uri
48183,2021-09-18T13:00:00Z,Hurricane Nicholas
48183,2024-05-28T12:45:00Z,Memorial Day storms (Dallas derecho)
48183,2024-06-01T21:45:00Z,Memorial Day storms (Dallas derecho)
48183,2024-07-07T21:15:00Z,Hurricane Beryl
48183,2024-07-08T18:00:00Z,Hurricane Beryl
48183,2024-07-17T21:45:00Z,Hurricane Beryl
48185,2021-02-11T14:15:00Z,Winter Storm Uri
48185,2021-02-14T14:45:00Z,Winter Storm Uri
48185,2021-02-15T01:15:00Z,Winter Storm Uri
48185,2021-02-15T03:45:00Z,Winter Storm Uri
48185,2021-02-15T07:30:00Z,Winter Storm Uri
48185,2024-05-28T17:15:00Z,Memorial Day storms (Dallas derecho)
48185,2024-05-31T00:00:00Z,Memorial Day storms (Dallas derecho)
48185,2024-07-07T18:30:00Z,Hurricane Beryl
48185,2024-07-07T21:45:00Z,Hurricane Beryl
48185,2024-07-08T12:30:00Z,Hurricane Beryl
48185,2024-07-18T11:45:00Z,Hurricane Beryl
48187,2021-02-14T21:00:00Z,Winter Storm Uri
48187,2021-02-15T06:30:00Z,Winter Storm Uri
48189,2021-02-15T19:15:00Z,Winter Storm Uri
48189,2021-02-16T13:15:00Z,Winter Storm Uri
48189,2024-05-29T00:00:00Z,Memorial Day storms (Dallas derecho)
48189,2024-05-30T02:15:00Z,Memorial Day storms (Dallas derecho)
48191,2024-06-01T06:00:00Z,Memorial Day storms (Dallas derecho)
48193,2021-02-15T08:15:00Z,Winter Storm Uri
48193,2024-05-28T19:00:00Z,Memorial Day storms (Dallas derecho)
48193,2024-05-31T04:30:00Z,Memorial Day storms (Dallas derecho)
48197,2021-02-15T09:45:00Z,Winter Storm Uri
48197,2021-02-17T14:15:00Z,Winter Storm Uri
48199,2021-02-15T00:00:00Z,Winter Storm Uri
48199,2021-02-15T10:30:00Z,Winter Storm Uri
48199,2021-02-17T13:30:00Z,Winter Storm Uri
48199,2021-09-14T07:30:00Z,Hurricane Nicholas
48199,2021-09-15T02:30:00Z,Hurricane Nicholas
48199,2021-09-15T16:45:00Z,Hurricane Nicholas
48199,2021-09-16T00:45:00Z,Hurricane Nicholas
48199,2024-05-16T23:00:00Z,Houston derecho
48199,2024-05-23T17:30:00Z,Houston derecho
48199,2024-05-28T18:15:00Z,Memorial Day storms (Dallas derecho)
48199,2024-05-31T01:15:00Z,Memorial Day storms (Dallas derecho)
48199,2024-06-01T19:00:00Z,Memorial Day storms (Dallas derecho)
48199,2024-07-08T11:30:00Z,Hurricane Beryl
48199,2024-07-16T14:45:00Z,Hurricane Beryl
48199,2024-07-19T09:45:00Z,Hurricane Beryl
48201,2021-02-15T05:15:00Z,Winter Storm Uri
48201,2021-09-14T02:30:00Z,Hurricane Nicholas
48201,2024-05-16T23:00:00Z,Houston derecho
48201,2024-05-18T06:45:00Z,Houston derecho
48201,2024-05-28T16:00:00Z,Memorial Day storms (Dallas derecho)
48201,2024-05-28T20:00:00Z,Memorial Day storms (Dallas derecho)
48201,2024-05-31T02:00:00Z,Memorial Day storms (Dallas derecho)
48201,2024-07-08T14:15:00Z,Hurricane Beryl
48203,2021-02-16T02:00:00Z,Winter Storm Uri
48203,2024-05-28T14:00:00Z,Memorial Day storms (Dallas derecho)
48203,2024-05-30T20:45:00Z,Memorial Day storms (Dallas derecho)
48203,2024-06-01T02:30:00Z,Memorial Day storms (Dallas derecho)
48203,2024-07-08T13:45:00Z,Hurricane Beryl
48203,2024-07-17T22:15:00Z,Hurricane Beryl
48205,2021-02-16T14:00:00Z,Winter Storm Uri
48205,2024-05-28T10:15:00Z,Memorial Day storms (Dallas derecho)
48207,2021-02-15T09:30:00Z,Winter Storm Uri
48207,2021-02-15T12:00:00Z,Winter Storm Uri
48207,2024-05-29T01:00:00Z,Memorial Day storms (Dallas derecho)
48207,2024-05-30T11:45:00Z,Memorial Day storms (Dallas derecho)
48209,2021-02-11T18:30:00Z,Winter Storm Uri
48209,2021-02-14T20:00:00Z,Winter Storm Uri
48209,2021-02-18T02:00:00Z,Winter Storm Uri
48209,2021-02-18T18:30:00Z,Winter Storm Uri
48209,2023-02-01T09:00:00Z,Winter Storm Mara (ice storm)
48213,2021-02-12T01:15:00Z,Winter Storm Uri
48213,2021-02-15T00:00:00Z,Winter Storm Uri
48213,2021-09-14T21:45:00Z,Hurricane Nicholas
48213,2024-05-28T12:15:00Z,Memorial Day storms (Dallas derecho)
48213,2024-07-08T18:45:00Z,Hurricane Beryl
48213,2024-07-14T23:15:00Z,Hurricane Beryl
48215,2021-02-15T00:45:00Z,Winter Storm Uri
48217,2021-02-15T01:00:00Z,Winter Storm Uri
48217,2021-02-18T10:45:00Z,Winter Storm Uri
48217,2021-02-18T18:15:00Z,Winter Storm Uri
48217,2021-02-18T20:45:00Z,Winter Storm Uri
48217,2023-02-02T07:00:00Z,Winter Storm Mara (ice storm)
48217,2024-05-28T14:45:00Z,Memorial Day storms (Dallas derecho)
48217,2024-05-30T20:30:00Z,Memorial Day storms (Dallas derecho)
48217,2024-06-02T01:45:00Z,Memorial Day storms (Dallas derecho)
48219,2021-02-13T13:30:00Z,Winter Storm Uri
48219,2021-02-15T19:00:00Z,Winter Storm Uri
48219,2021-02-16T13:00:00Z,Winter Storm Uri
48219,2024-05-29T06:45:00Z,Memorial Day storms (Dallas derecho)
48219,2024-06-01T03:00:00Z,Memorial Day storms (Dallas derecho)
48221,2021-02-11T17:00:00Z,Winter Storm Uri
48221,2021-02-14T16:15:00Z,Winter Storm Uri
48221,2021-02-14T21:45:00Z,Winter Storm Uri
48221,2023-01-30T19:45:00Z,Winter Storm Mara (ice storm)
48221,2023-02-06T22:15:00Z,Winter Storm Mara (ice storm)
48221,2024-05-28T13:45:00Z,Memorial Day storms (Dallas derecho)
48221,2024-05-30T19:15:00Z,Memorial Day storms (Dallas derecho)
48221,2024-05-31T10:45:00Z,Memorial Day storms (Dallas derecho)
48223,2021-02-15T05:45:00Z,Winter Storm Uri
48223,2021-02-20T15:45:00Z,Winter Storm Uri
48223,2024-05-30T17:15:00Z,Memorial Day storms (Dallas derecho)
48223,2024-06-01T09:45:00Z,Memorial Day storms (Dallas derecho)
48225,2021-02-15T08:45:00Z,Winter Storm Uri
48225,2021-02-15T12:15:00Z,Winter Storm Uri
48225,2021-02-15T13:45:00Z,Winter Storm Uri
48225,2024-05-28T16:45:00Z,Memorial Day storms (Dallas derecho)
48225,2024-07-08T15:15:00Z,Hurricane Beryl
48225,2024-07-18T10:00:00Z,Hurricane Beryl
48227,2021-02-13T15:45:00Z,Winter Storm Uri
48227,2021-02-19T17:15:00Z,Winter Storm Uri
48231,2021-02-11T03:30:00Z,Winter Storm Uri
48231,2021-02-14T23:15:00Z,Winter Storm Uri
48231,2021-02-20T00:30:00Z,Winter Storm Uri
48231,2023-01-31T17:00:00Z,Winter Storm Mara (ice storm)
48231,2023-02-02T01:00:00Z,Winter Storm Mara (ice storm)
48231,2024-05-28T11:45:00Z,Memorial Day storms (Dallas derecho)
48233,2021-02-16T15:00:00Z,Winter Storm Uri
48233,2024-05-31T03:15:00Z,Memorial Day storms (Dallas derecho)
48235,2021-02-13T15:15:00Z,Winter Storm Uri
48235,2021-02-14T12:00:00Z,Winter Storm Uri
48237,2021-02-14T20:30:00Z,Winter Storm Uri
48237,2021-02-15T08:30:00Z,Winter Storm Uri
48237,2021-02-18T09:30:00Z,Winter Storm Uri
48237,2023-02-04T11:30:00Z,Winter Storm Mara (ice storm)
48237,2024-05-30T17:15:00Z,Memorial Day storms (Dallas derecho)
48239,2021-02-15T03:00:00Z,Winter Storm Uri
48239,2021-09-14T00:30:00Z,Hurricane Nicholas
48239,2021-09-16T03:30:00Z,Hurricane Nicholas
48239,2024-05-28T20:00:00Z,Memorial Day storms (Dallas derecho)
48239,2024-05-31T13:30:00Z,Memorial Day storms (Dallas derecho)
48239,2024-07-08T07:30:00Z,Hurricane Beryl
48243,2021-02-15T11:45:00Z,Winter Storm Uri
48245,2021-02-11T19:00:00Z,Winter Storm Uri
48245,2021-02-15T00:00:00Z,Winter Storm Uri
48245,2021-09-13T11:30:00Z,Hurricane Nicholas
48245,2021-09-14T06:15:00Z,Hurricane Nicholas
48245,2021-09-16T12:30:00Z,Hurricane Nicholas
48245,2024-05-17T00:30:00Z,Houston derecho
48245,2024-05-18T18:45:00Z,Houston derecho
48245,2024-05-21T15:30:00Z,Houston derecho
48245,2024-05-23T19:30:00Z,Houston derecho
48245,2024-05-27T23:45:00Z,Memorial Day storms (Dallas derecho)
48245,2024-05-28T19:00:00Z,Memorial Day storms (Dallas derecho)
48245,2024-07-07T17:00:00Z,Hurricane Beryl
48245,2024-07-08T00:30:00Z,Hurricane Beryl
48245,2024-07-14T20:45:00Z,Hurricane Beryl
48245,2024-07-15T20:00:00Z,Hurricane Beryl
48245,2024-07-17T15:00:00Z,Hurricane Beryl
48245,2024-07-20T00:30:00Z,Hurricane Beryl
48247,2021-02-14T18:15:00Z,Winter Storm Uri
48247,2021-02-15T01:30:00Z,Winter Storm Uri
48247,2021-02-15T05:45:00Z,Winter Storm Uri
48247,2021-02-17T22:15:00Z,Winter Storm Uri
48247,2021-02-18T08:00:00Z,Winter Storm Uri
48249,2021-02-12T03:00:00Z,Winter Storm Uri
48249,2021-02-12T15:45:00Z,Winter Storm Uri
48249,2021-02-12T22:30:00Z,Winter Storm Uri
48249,2021-02-15T00:30:00Z,Winter Storm Uri
48251,2021-02-12T00:45:00Z,Winter Storm Uri
48251,2021-02-14T14:45:00Z,Winter Storm Uri
48251,2023-02-02T11:30:00Z,Winter Storm Mara (ice storm)
48251,2024-05-28T12:00:00Z,Memorial Day storms (Dallas derecho)
48251,2024-05-30T19:30:00Z,Memorial Day storms (Dallas derecho)
48253,2021-02-11T18:00:00Z,Winter Storm Uri
48253,2021-02-13T15:00:00Z,Winter Storm Uri
48253,2021-02-14T17:15:00Z,Winter Storm Uri
48253,2021-02-15T02:15:00Z,Winter Storm Uri
48253,2021-02-15T08:15:00Z,Winter Storm Uri
48255,2021-02-14T19:00:00Z,Winter Storm Uri
48255,2021-02-14T23:45:00Z,Winter Storm Uri
48257,2021-02-15T02:00:00Z,Winter Storm Uri
48257,2021-02-19T13:45:00Z,Winter Storm Uri
48257,2023-01-31T17:00:00Z,Winter Storm Mara (ice storm)
48257,2023-02-02T01:30:00Z,Winter Storm Mara (ice storm)
48257,2024-05-28T11:45:00Z,Memorial Day storms (Dallas derecho)
48259,2021-02-11T21:15:00Z,Winter Storm Uri
48259,2023-02-01T07:00:00Z,Winter Storm Mara (ice storm)
48261,2021-02-16T00:00:00Z,Winter Storm Uri
48261,2021-02-17T00:30:00Z,Winter Storm Uri
48261,2021-02-18T03:15:00Z,Winter Storm Uri
48263,2021-02-12T21:30:00Z,Winter Storm Uri
48263,2021-02-15T09:45:00Z,Winter Storm Uri
48265,2021-02-11T20:30:00Z,Winter Storm Uri
48267,2021-02-11T21:15:00Z,Winter Storm Uri
48267,2021-02-13T13:00:00Z,Winter Storm Uri
48271,2021-02-15T00:15:00Z,Winter Storm Uri
48271,2021-02-15T10:00:00Z,Winter Storm Uri
48271,2021-02-18T21:15:00Z,Winter Storm Uri
48273,2021-02-15T04:30:00Z,Winter Storm Uri
48273,2023-01-30T20:30:00Z,Winter Storm Mara (ice storm)
48273,2023-01-31T03:15:00Z,Winter Storm Mara (ice storm)
48273,2023-01-31T16:15:00Z,Winter Storm Mara (ice storm)
48275,2021-02-15T09:45:00Z,Winter Storm Uri
48275,2021-02-15T16:45:00Z,Winter Storm Uri
48275,2021-02-17T02:00:00Z,Winter Storm Uri
48277,2021-02-15T08:45:00Z,Winter Storm Uri
48279,2021-02-15T09:15:00Z,Winter Storm Uri
48279,2024-05-28T07:00:00Z,Memorial Day storms (Dallas derecho)
48279,2024-05-30T15:00:00Z,Memorial Day storms (Dallas derecho)
48281,2021-02-14T12:15:00Z,Winter Storm Uri
48281,2021-02-15T08:00:00Z,Winter Storm Uri
48283,2021-02-14T21:30:00Z,Winter Storm Uri
48283,2021-02-15T03:45:00Z,Winter Storm Uri
48283,2021-02-15T07:30:00Z,Winter Storm Uri
48283,2023-01-31T05:45:00Z,Winter Storm Mara (ice storm)
48283,2023-02-08T15:15:00Z,Winter Storm Mara (ice storm)
48285,2021-02-14T05:30:00Z,Winter Storm Uri
48285,2023-02-05T22:15:00Z,Winter Storm Mara (ice storm)
48287,2021-02-15T07:30:00Z,Winter Storm Uri
48287,2021-02-18T02:00:00Z,Winter Storm Uri
48287,2021-02-18T09:15:00Z,Winter Storm Uri
48287,2023-02-01T10:15:00Z,Winter Storm Mara (ice storm)
48287,2023-02-07T03:30:00Z,Winter Storm Mara (ice storm)
48289,2021-02-11T10:45:00Z,Winter Storm Uri
48289,2021-02-11T15:00:00Z,Winter Storm Uri
48289,2021-02-11T18:00:00Z,Winter Storm Uri
48289,2021-02-13T13:15:00Z,Winter Storm Uri
48289,2021-02-14T20:15:00Z,Winter Storm Uri
48289,2024-05-28T16:00:00Z,Memorial Day storms (Dallas derecho)
48289,2024-05-29T09:00:00Z,Memorial Day storms (Dallas derecho)
48289,2024-05-30T22:45:00Z,Memorial Day storms (Dallas derecho)
48289,2024-06-01T02:15:00Z,Memorial Day storms (Dallas derecho)
48289,2024-07-07T20:30:00Z,Hurricane Beryl
48289,2024-07-08T15:45:00Z,Hurricane Beryl
48289,2024-07-11T05:30:00Z,Hurricane Beryl
48289,2024-07-13T22:15:00Z,Hurricane Beryl
48289,2024-07-18T08:30:00Z,Hurricane Beryl
48291,2021-02-14T22:30:00Z,Winter Storm Uri
48291,2021-02-15T01:15:00Z,Winter Storm Uri
48291,2021-02-15T09:00:00Z,Winter Storm Uri
48291,2021-09-14T02:30:00Z,Hurricane Nicholas
48291,2021-09-18T18:00:00Z,Hurricane Nicholas
48291,2024-05-02T07:30:00Z,Houston derecho
48291,2024-05-24T09:15:00Z,Memorial Day storms (Dallas derecho)
48291,2024-05-31T01:00:00Z,Memorial Day storms (Dallas derecho)
48291,2024-06-01T18:45:00Z,Memorial Day storms (Dallas derecho)
48291,2024-07-08T09:15:00Z,Hurricane Beryl
48291,2024-07-19T06:45:00Z,Hurricane Beryl
48293,2021-02-11T17:15:00Z,Winter Storm Uri
48293,2021-02-22T02:45:00Z,Winter Storm Uri
48293,2023-01-31T23:30:00Z,Winter Storm Mara (ice storm)
48293,2023-02-01T09:30:00Z,Winter Storm Mara (ice storm)
48293,2023-02-06T09:00:00Z,Winter Storm Mara (ice storm)
48293,2023-02-06T11:00:00Z,Winter Storm Mara (ice storm)
48293,2023-02-06T17:00:00Z,Winter Storm Mara (ice storm)
48293,2023-02-08T13:45:00Z,Winter Storm Mara (ice storm)
48293,2023-02-08T17:00:00Z,Winter Storm Mara (ice storm)
48293,2024-05-28T09:45:00Z,Memorial Day storms (Dallas derecho)
48293,2024-05-28T15:00:00Z,Memorial Day storms (Dallas derecho)
48293,2024-05-29T01:45:00Z,Memorial Day storms (Dallas derecho)
48293,2024-05-29T06:15:00Z,Memorial Day storms (Dallas derecho)
48293,2024-05-30T21:30:00Z,Memorial Day storms (Dallas derecho)
48293,2024-06-01T17:30:00Z,Memorial Day storms (Dallas derecho)
48295,2021-02-11T22:30:00Z,Winter Storm Uri
48297,2021-02-11T16:45:00Z,Winter Storm Uri
48297,2021-02-14T22:30:00Z,Winter Storm Uri
48297,2021-02-20T13:30:00Z,Winter Storm Uri
48297,2021-02-21T18:30:00Z,Winter Storm Uri
48297,2023-01-31T07:00:00Z,Winter Storm Mara (ice storm)
48299,2021-02-11T14:15:00Z,Winter Storm Uri
48301,2021-02-15T11:15:00Z,Winter Storm Uri
48301,2021-02-16T01:15:00Z,Winter Storm Uri
48303,2021-02-16T13:00:00Z,Winter Storm Uri
48305,2021-02-14T14:30:00Z,Winter Storm Uri
48305,2021-02-15T09:15:00Z,Winter Storm Uri
48305,2021-02-15T12:30:00Z,Winter Storm Uri
48305,2021-02-16T00:45:00Z,Winter Storm Uri
48305,2021-02-16T13:15:00Z,Winter Storm Uri
48305,2021-02-19T18:30:00Z,Winter Storm Uri
48307,2021-02-14T13:45:00Z,Winter Storm Uri
48307,2021-02-21T19:45:00Z,Winter Storm Uri
48309,2021-02-14T17:45:00Z,Winter Storm Uri
48309,2023-02-01T22:30:00Z,Winter Storm Mara (ice storm)
48309,2023-02-06T20:45:00Z,Winter Storm Mara (ice storm)
48309,2024-05-28T14:15:00Z,Memorial Day storms (Dallas derecho)
48309,2024-05-30T21:15:00Z,Memorial Day storms (Dallas derecho)
48311,2021-02-15T08:30:00Z,Winter Storm Uri
48311,2021-02-15T18:30:00Z,Winter Storm Uri
48311,2021-02-16T00:45:00Z,Winter Storm Uri
48311,2021-02-16T19:00:00Z,Winter Storm Uri
48311,2021-02-16T23:00:00Z,Winter Storm Uri
48311,2021-02-17T02:00:00Z,Winter Storm Uri
48311,2021-02-17T22:00:00Z,Winter Storm Uri
48311,2023-01-31T09:45:00Z,Winter Storm Mara (ice storm)
48313,2021-02-14T21:15:00Z,Winter Storm Uri
48313,2021-02-16T07:30:00Z,Winter Storm Uri
48313,2021-02-17T01:00:00Z,Winter Storm Uri
48313,2021-02-17T03:15:00Z,Winter Storm Uri
48313,2021-02-17T04:45:00Z,Winter Storm Uri
48313,2021-02-17T06:15:00Z,Winter Storm Uri
48313,2021-02-17T09:00:00Z,Winter Storm Uri
48313,2021-02-20T16:45:00Z,Winter Storm Uri
48313,2021-09-15T22:45:00Z,Hurricane Nicholas
48313,2024-05-28T16:30:00Z,Memorial Day storms (Dallas derecho)
48313,2024-05-30T23:15:00Z,Memorial Day storms (Dallas derecho)
48313,2024-06-01T00:45:00Z,Memorial Day storms (Dallas derecho)
48313,2024-06-01T10:00:00Z,Memorial Day storms (Dallas derecho)
48313,2024-07-08T15:30:00Z,Hurricane Beryl
48313,2024-07-12T00:30:00Z,Hurricane Beryl
48313,2024-07-13T14:45:00Z,Hurricane Beryl
48313,2024-07-13T22:00:00Z,Hurricane Beryl
48313,2024-07-18T10:00:00Z,Hurricane Beryl
48315,2021-02-15T06:45:00Z,Winter Storm Uri
48315,2021-02-15T23:15:00Z,Winter Storm Uri
48315,2021-02-16T10:15:00Z,Winter Storm Uri
48315,2024-05-28T14:00:00Z,Memorial Day storms (Dallas derecho)
48315,2024-05-28T16:30:00Z,Memorial Day storms (Dallas derecho)
48315,2024-06-01T00:00:00Z,Memorial Day storms (Dallas derecho)
48315,2024-06-01T14:45:00Z,Memorial Day storms (Dallas derecho)
48315,2024-07-08T20:45:00Z,Hurricane Beryl
48315,2024-07-10T13:45:00Z,Hurricane Beryl
48315,2024-07-11T23:45:00Z,Hurricane Beryl
48315,2024-07-17T22:15:00Z,Hurricane Beryl
48317,2021-02-11T05:00:00Z,Winter Storm Uri
48317,2021-02-11T09:45:00Z,Winter Storm Uri
48317,2021-02-12T16:45:00Z,Winter Storm Uri
48317,2021-02-13T05:15:00Z,Winter Storm Uri
48317,2021-02-13T15:00:00Z,Winter Storm Uri
48317,2021-02-13T22:45:00Z,Winter Storm Uri
48317,2021-02-19T17:45:00Z,Winter Storm Uri
48319,2021-02-11T14:45:00Z,Winter Storm Uri
48319,2021-02-11T21:30:00Z,Winter Storm Uri
48319,2021-02-12T20:30:00Z,Winter Storm Uri
48319,2021-02-15T16:15:00Z,Winter Storm Uri
48319,2021-02-19T20:00:00Z,Winter Storm Uri
48321,2021-02-15T05:00:00Z,Winter Storm Uri
48321,2021-02-19T17:00:00Z,Winter Storm Uri
48321,2021-09-13T13:30:00Z,Hurricane Nicholas
48321,2021-09-13T21:30:00Z,Hurricane Nicholas
48321,2024-05-28T20:30:00Z,Memorial Day storms (Dallas derecho)
48321,2024-05-30T01:45:00Z,Memorial Day storms (Dallas derecho)
48321,2024-05-31T12:45:00Z,Memorial Day storms (Dallas derecho)
48321,2024-07-06T22:30:00Z,Hurricane Beryl
48321,2024-07-08T05:15:00Z,Hurricane Beryl
48321,2024-07-16T00:00:00Z,Hurricane Beryl
48321,2024-07-18T15:15:00Z,Hurricane Beryl
48321,2024-07-19T04:15:00Z,Hurricane Beryl
48323,2021-02-14T18:30:00Z,Winter Storm Uri
48325,2021-02-14T13:45:00Z,Winter Storm Uri
48325,2021-02-14T18:15:00Z,Winter Storm Uri
48325,2021-02-14T23:00:00Z,Winter Storm Uri
48325,2021-02-21T04:30:00Z,Winter Storm Uri
48325,2023-02-01T09:00:00Z,Winter Storm Mara (ice storm)
48325,2023-02-01T23:45:00Z,Winter Storm Mara (ice storm)
48327,2021-02-14T20:15:00Z,Winter Storm Uri
48327,2021-02-20T20:45:00Z,Winter Storm Uri
48329,2021-02-12T12:45:00Z,Winter Storm Uri
48329,2021-02-14T07:00:00Z,Winter Storm Uri
48331,2021-02-11T22:15:00Z,Winter Storm Uri
48331,2021-02-13T15:15:00Z,Winter Storm Uri
48331,2021-02-14T22:45:00Z,Winter Storm Uri
48331,2021-02-15T09:15:00Z,Winter Storm Uri
48331,2021-02-15T10:45:00Z,Winter Storm Uri
48331,2023-01-30T09:30:00Z,Winter Storm Mara (ice storm)
48331,2023-02-01T10:45:00Z,Winter Storm Mara (ice storm)
48331,2023-02-07T13:00:00Z,Winter Storm Mara (ice storm)
48331,2023-02-07T17:45:00Z,Winter Storm Mara (ice storm)
48333,2021-02-15T11:30:00Z,Winter Storm Uri
48335,2021-02-11T16:30:00Z,Winter Storm Uri
48335,2021-02-12T05:00:00Z,Winter Storm Uri
48335,2021-02-14T11:30:00Z,Winter Storm Uri
48335,2021-02-14T21:00:00Z,Winter Storm Uri
48335,2021-02-15T08:30:00Z,Winter Storm Uri
48335,2021-02-19T15:15:00Z,Winter Storm Uri
48337,2021-02-15T07:45:00Z,Winter Storm Uri
48337,2021-02-19T07:15:00Z,Winter Storm Uri
48337,2024-05-28T08:45:00Z,Memorial Day storms (Dallas derecho)
48337,2024-05-29T11:45:00Z,Memorial Day storms (Dallas derecho)
48337,2024-05-30T14:30:00Z,Memorial Day storms (Dallas derecho)
48337,2024-05-30T18:15:00Z,Memorial Day storms (Dallas derecho)
48337,2024-05-31T08:45:00Z,Memorial Day storms (Dallas derecho)
48339,2021-02-12T00:15:00Z,Winter Storm Uri
48339,2021-02-15T03:00:00Z,Winter Storm Uri
48339,2021-09-13T18:30:00Z,Hurricane Nicholas
48339,2024-05-16T22:00:00Z,Houston derecho
48339,2024-05-21T16:45:00Z,Houston derecho
48339,2024-05-28T17:15:00Z,Memorial Day storms (Dallas derecho)
48339,2024-07-08T10:15:00Z,Hurricane Beryl
48341,2021-02-15T19:15:00Z,Winter Storm Uri
48341,2021-02-16T13:15:00Z,Winter Storm Uri
48341,2024-06-01T07:00:00Z,Memorial Day storms (Dallas derecho)
48343,2021-02-11T08:00:00Z,Winter Storm Uri
48343,2021-02-15T11:15:00Z,Winter Storm Uri
48343,2021-02-15T18:30:00Z,Winter Storm Uri
48343,2021-02-16T13:45:00Z,Winter Storm Uri
48343,2021-02-17T18:45:00Z,Winter Storm Uri
48343,2021-02-19T00:00:00Z,Winter Storm Uri
48343,2024-05-28T13:00:00Z,Memorial Day storms (Dallas derecho)
48343,2024-05-30T19:45:00Z,Memorial Day storms (Dallas derecho)
48343,2024-07-09T00:15:00Z,Hurricane Beryl
48343,2024-07-16T16:30:00Z,Hurricane Beryl
48343,2024-07-17T20:45:00Z,Hurricane Beryl
48343,2024-07-18T14:30:00Z,Hurricane Beryl
48343,2024-07-20T03:15:00Z,Hurricane Beryl
48345,2024-06-01T06:00:00Z,Memorial Day storms (Dallas derecho)
48347,2021-02-15T08:45:00Z,Winter Storm Uri
48347,2024-05-28T14:15:00Z,Memorial Day storms (Dallas derecho)
48347,2024-07-08T13:15:00Z,Hurricane Beryl
48349,2021-02-15T00:15:00Z,Winter Storm Uri
48349,2021-02-21T23:15:00Z,Winter Storm Uri
48349,2023-02-02T00:30:00Z,Winter Storm Mara (ice storm)
48349,2024-05-28T12:45:00Z,Memorial Day storms (Dallas derecho)
48349,2024-05-30T21:15:00Z,Memorial Day storms (Dallas derecho)
48351,2024-05-28T19:15:00Z,Memorial Day storms (Dallas derecho)
48353,2021-02-11T10:15:00Z,Winter Storm Uri
48353,2021-02-12T10:30:00Z,Winter Storm Uri
48353,2021-02-19T15:15:00Z,Winter Storm Uri
48353,2021-02-20T13:45:00Z,Winter Storm Uri
48355,2021-02-14T22:00:00Z,Winter Storm Uri
48355,2023-02-01T08:15:00Z,Winter Storm Mara (ice storm)
48359,2021-02-14T05:00:00Z,Winter Storm Uri
48359,2021-02-16T13:15:00Z,Winter Storm Uri
48359,2024-05-28T20:45:00Z,Memorial Day storms (Dallas derecho)
48361,2021-02-12T00:45:00Z,Winter Storm Uri
48361,2021-02-12T08:30:00Z,Winter Storm Uri
48361,2021-02-15T06:30:00Z,Winter Storm Uri
48361,2021-02-16T07:15:00Z,Winter Storm Uri
48361,2021-09-14T06:00:00Z,Hurricane Nicholas
48361,2021-09-16T19:45:00Z,Hurricane Nicholas
48361,2021-09-19T00:00:00Z,Hurricane Nicholas
48361,2024-05-16T21:30:00Z,Houston derecho
48361,2024-05-28T19:30:00Z,Memorial Day storms (Dallas derecho)
48361,2024-05-29T21:15:00Z,Memorial Day storms (Dallas derecho)
48361,2024-06-01T18:45:00Z,Memorial Day storms (Dallas derecho)
48361,2024-07-07T17:45:00Z,Hurricane Beryl
48361,2024-07-08T11:15:00Z,Hurricane Beryl
48361,2024-07-14T21:45:00Z,Hurricane Beryl
48361,2024-07-18T13:15:00Z,Hurricane Beryl
48361,2024-07-18T18:30:00Z,Hurricane Beryl
48363,2021-02-15T03:45:00Z,Winter Storm Uri
48363,2021-02-15T07:45:00Z,Winter Storm Uri
48363,2021-02-18T19:15:00Z,Winter Storm Uri
48363,2023-01-31T04:30:00Z,Winter Storm Mara (ice storm)
48363,2024-05-28T13:30:00Z,Memorial Day storms (Dallas derecho)
48363,2024-05-29T03:00:00Z,Memorial Day storms (Dallas derecho)
48363,2024-05-30T18:15:00Z,Memorial Day storms (Dallas derecho)
48365,2021-02-15T15:00:00Z,Winter Storm Uri
48365,2021-02-16T02:00:00Z,Winter Storm Uri
48365,2021-02-16T13:00:00Z,Winter Storm Uri
48365,2021-02-17T23:00:00Z,Winter Storm Uri
48365,2021-09-13T15:45:00Z,Hurricane Nicholas
48365,2021-09-15T01:00:00Z,Hurricane Nicholas
48365,2024-05-28T14:45:00Z,Memorial Day storms (Dallas derecho)
48365,2024-05-30T19:30:00Z,Memorial Day storms (Dallas derecho)
48365,2024-05-30T23:30:00Z,Memorial Day storms (Dallas derecho)
48365,2024-06-01T22:30:00Z,Memorial Day storms (Dallas derecho)
48365,2024-07-08T18:00:00Z,Hurricane Beryl
48365,2024-07-15T16:30:00Z,Hurricane Beryl
48365,2024-07-16T22:15:00Z,Hurricane Beryl
48365,2024-07-17T22:45:00Z,Hurricane Beryl
48367,2021-02-13T14:15:00Z,Winter Storm Uri
48367,2021-02-14T15:00:00Z,Winter Storm Uri
48367,2023-01-30T20:00:00Z,Winter Storm Mara (ice storm)
48367,2023-02-02T11:00:00Z,Winter Storm Mara (ice storm)
48367,2023-02-06T19:15:00Z,Winter Storm Mara (ice storm)
48367,2024-05-28T10:30:00Z,Memorial Day storms (Dallas derecho)
48369,2021-02-15T19:00:00Z,Winter Storm Uri
48369,2021-02-16T13:15:00Z,Winter Storm Uri
48369,2021-02-18T16:45:00Z,Winter Storm Uri
48369,2024-05-28T20:15:00Z,Memorial Day storms (Dallas derecho)
48369,2024-05-29T04:45:00Z,Memorial Day storms (Dallas derecho)
48369,2024-05-30T05:30:00Z,Memorial Day storms (Dallas derecho)
48369,2024-05-31T15:30:00Z,Memorial Day storms (Dallas derecho)
48371,2021-02-13T17:45:00Z,Winter Storm Uri
48371,2021-02-14T14:15:00Z,Winter Storm Uri
48371,2021-02-15T01:00:00Z,Winter Storm Uri
48371,2021-02-15T07:45:00Z,Winter Storm Uri
48371,2021-02-19T16:00:00Z,Winter Storm Uri
48373,2021-02-15T08:30:00Z,Winter Storm Uri
48373,2024-05-16T16:45:00Z,Houston derecho
48373,2024-05-19T17:15:00Z,Houston derecho
48373,2024-05-28T14:45:00Z,Memorial Day storms (Dallas derecho)
48373,2024-05-28T17:30:00Z,Memorial Day storms (Dallas derecho)
48373,2024-06-01T21:45:00Z,Memorial Day storms (Dallas derecho)
48373,2024-07-07T07:15:00Z,Hurricane Beryl
48373,2024-07-07T19:00:00Z,Hurricane Beryl
48373,2024-07-08T12:45:00Z,Hurricane Beryl
48373,2024-07-15T07:00:00Z,Hurricane Beryl
48373,2024-07-17T11:45:00Z,Hurricane Beryl
48373,2024-07-18T11:15:00Z,Hurricane Beryl
48373,2024-07-19T06:15:00Z,Hurricane Beryl
48375,2021-02-15T12:30:00Z,Winter Storm Uri
48375,2021-02-16T13:00:00Z,Winter Storm Uri
48377,2021-02-15T10:30:00Z,Winter Storm Uri
48377,2021-02-17T21:00:00Z,Winter Storm Uri
48379,2021-02-11T13:15:00Z,Winter Storm Uri
48379,2021-02-15T08:45:00Z,Winter Storm Uri
48379,2021-02-18T04:45:00Z,Winter Storm Uri
48379,2024-05-28T12:45:00Z,Memorial Day storms (Dallas derecho)
48379,2024-05-28T20:30:00Z,Memorial Day storms (Dallas derecho)
48379,2024-05-31T08:15:00Z,Memorial Day storms (Dallas derecho)
48379,2024-05-31T13:30:00Z,Memorial Day storms (Dallas derecho)
48379,2024-07-09T02:15:00Z,Hurricane Beryl
48379,2024-07-17T19:30:00Z,Hurricane Beryl
48381,2021-02-13T14:45:00Z,Winter Storm Uri
48381,2021-02-14T13:15:00Z,Winter Storm Uri
48381,2021-02-15T13:30:00Z,Winter Storm Uri
48381,2021-02-16T11:45:00Z,Winter Storm Uri
48381,2021-02-17T13:45:00Z,Winter Storm Uri
48383,2021-02-14T09:45:00Z,Winter Storm Uri
48383,2021-02-19T17:15:00Z,Winter Storm Uri
48383,2021-02-20T13:45:00Z,Winter Storm Uri
48385,2021-02-13T18:00:00Z,Winter Storm Uri
48385,2021-02-14T11:30:00Z,Winter Storm Uri
48385,2021-02-21T03:30:00Z,Winter Storm Uri
48387,2021-02-15T08:45:00Z,Winter Storm Uri
48389,2021-02-14T15:15:00Z,Winter Storm Uri
48389,2021-02-14T22:15:00Z,Winter Storm Uri
48389,2021-02-15T08:45:00Z,Winter Storm Uri
48389,2021-02-19T18:30:00Z,Winter Storm Uri
48391,2021-02-12T15:15:00Z,Winter Storm Uri
48391,2021-02-14T22:15:00Z,Winter Storm Uri
48391,2021-02-15T05:30:00Z,Winter Storm Uri
48391,2021-02-19T11:00:00Z,Winter Storm Uri
48391,2021-02-20T15:45:00Z,Winter Storm Uri
48391,2021-02-20T20:15:00Z,Winter Storm Uri
48395,2021-02-11T17:15:00Z,Winter Storm Uri
48395,2021-09-14T15:45:00Z,Hurricane Nicholas
48395,2024-05-28T16:15:00Z,Memorial Day storms (Dallas derecho)
48395,2024-05-30T22:30:00Z,Memorial Day storms (Dallas derecho)
48395,2024-05-31T09:45:00Z,Memorial Day storms (Dallas derecho)
48395,2024-07-08T17:00:00Z,Hurricane Beryl
48395,2024-07-13T22:00:00Z,Hurricane Beryl
48395,2024-07-15T22:30:00Z,Hurricane Beryl
48395,2024-07-18T10:00:00Z,Hurricane Beryl
48395,2024-07-19T00:45:00Z,Hurricane Beryl
48395,2024-07-19T15:15:00Z,Hurricane Beryl
48397,2021-02-14T20:15:00Z,Winter Storm Uri
48397,2023-02-02T07:45:00Z,Winter Storm Mara (ice storm)
48397,2023-02-03T19:45:00Z,Winter Storm Mara (ice storm)
48397,2023-02-08T09:15:00Z,Winter Storm Mara (ice storm)
48397,2024-05-28T11:30:00Z,Memorial Day storms (Dallas derecho)
48399,2021-02-15T14:15:00Z,Winter Storm Uri
48399,2021-02-15T22:15:00Z,Winter Storm Uri
48401,2021-02-15T08:45:00Z,Winter Storm Uri
48401,2021-02-17T16:45:00Z,Winter Storm Uri
48401,2024-05-28T14:15:00Z,Memorial Day storms (Dallas derecho)
48401,2024-06-01T21:45:00Z,Memorial Day storms (Dallas derecho)
48401,2024-07-08T17:15:00Z,Hurricane Beryl
48401,2024-07-17T21:45:00Z,Hurricane Beryl
48401,2024-07-20T00:45:00Z,Hurricane Beryl
48407,2021-02-13T08:15:00Z,Winter Storm Uri
48407,2021-02-15T01:30:00Z,Winter Storm Uri
48407,2021-02-18T03:45:00Z,Winter Storm Uri
48407,2021-02-19T20:30:00Z,Winter Storm Uri
48407,2021-02-20T20:15:00Z,Winter Storm Uri
48407,2021-09-14T11:00:00Z,Hurricane Nicholas
48407,2024-05-16T20:45:00Z,Houston derecho
48407,2024-05-28T17:30:00Z,Memorial Day storms (Dallas derecho)
48407,2024-05-30T12:15:00Z,Memorial Day storms (Dallas derecho)
48407,2024-05-31T00:45:00Z,Memorial Day storms (Dallas derecho)
48407,2024-06-01T19:45:00Z,Memorial Day storms (Dallas derecho)
48407,2024-07-08T08:30:00Z,Hurricane Beryl
48407,2024-07-08T12:00:00Z,Hurricane Beryl
48407,2024-07-18T11:00:00Z,Hurricane Beryl
48407,2024-07-19T13:15:00Z,Hurricane Beryl
48409,2021-02-14T23:30:00Z,Winter Storm Uri
48411,2021-02-15T06:00:00Z,Winter Storm Uri
48413,2021-02-14T13:45:00Z,Winter Storm Uri
48413,2021-02-19T18:00:00Z,Winter Storm Uri
48415,2021-02-12T04:15:00Z,Winter Storm Uri
48415,2021-02-14T15:30:00Z,Winter Storm Uri
48415,2021-02-15T08:45:00Z,Winter Storm Uri
48415,2021-02-19T15:15:00Z,Winter Storm Uri
48417,2021-02-15T08:15:00Z,Winter Storm Uri
48417,2021-02-16T22:45:00Z,Winter Storm Uri
48417,2021-02-21T18:45:00Z,Winter Storm Uri
48417,2024-05-31T05:15:00Z,Memorial Day storms (Dallas derecho)
48419,2021-02-16T13:45:00Z,Winter Storm Uri
48419,2021-02-17T17:30:00Z,Winter Storm Uri
48419,2024-05-28T15:00:00Z,Memorial Day storms (Dallas derecho)
48419,2024-05-31T00:00:00Z,Memorial Day storms (Dallas derecho)
48419,2024-07-08T18:00:00Z,Hurricane Beryl
48419,2024-07-11T09:45:00Z,Hurricane Beryl
48419,2024-07-13T14:45:00Z,Hurricane Beryl
48419,2024-07-18T13:30:00Z,Hurricane Beryl
48423,2021-02-15T03:00:00Z,Winter Storm Uri
48423,2024-05-28T13:15:00Z,Memorial Day storms (Dallas derecho)
48423,2024-07-07T20:00:00Z,Hurricane Beryl
48423,2024-07-08T14:30:00Z,Hurricane Beryl
48423,2024-07-18T05:30:00Z,Hurricane Beryl
48425,2021-02-11T16:15:00Z,Winter Storm Uri
48425,2021-02-15T07:45:00Z,Winter Storm Uri
48425,2023-02-05T04:45:00Z,Winter Storm Mara (ice storm)
48425,2023-02-08T14:15:00Z,Winter Storm Mara (ice storm)
48425,2024-05-31T08:30:00Z,Memorial Day storms (Dallas derecho)
48427,2021-02-12T10:15:00Z,Winter Storm Uri
48427,2021-02-15T08:15:00Z,Winter Storm Uri
48427,2021-02-20T19:45:00Z,Winter Storm Uri
48429,2021-02-12T14:00:00Z,Winter Storm Uri
48429,2021-02-15T01:45:00Z,Winter Storm Uri
48429,2021-02-18T22:00:00Z,Winter Storm Uri
48429,2021-02-19T05:15:00Z,Winter Storm Uri
48429,2024-06-01T08:15:00Z,Memorial Day storms (Dallas derecho)
48431,2021-02-13T02:15:00Z,Winter Storm Uri
48431,2021-02-14T12:30:00Z,Winter Storm Uri
48431,2021-02-15T09:00:00Z,Winter Storm Uri
48431,2021-02-16T23:45:00Z,Winter Storm Uri
48431,2021-02-17T17:00:00Z,Winter Storm Uri
48431,2021-02-18T09:30:00Z,Winter Storm Uri
48431,2021-02-19T18:30:00Z,Winter Storm Uri
48433,2024-06-01T07:15:00Z,Memorial Day storms (Dallas derecho)
48435,2021-02-13T17:00:00Z,Winter Storm Uri
48435,2021-02-14T10:45:00Z,Winter Storm Uri
48435,2021-02-14T23:30:00Z,Winter Storm Uri
48435,2021-02-18T18:30:00Z,Winter Storm Uri
48435,2021-02-19T18:15:00Z,Winter Storm Uri
48437,2021-02-16T13:30:00Z,Winter Storm Uri
48439,2021-02-15T01:15:00Z,Winter Storm Uri
48439,2024-05-28T00:15:00Z,Memorial Day storms (Dallas derecho)
48441,2021-02-11T04:30:00Z,Winter Storm Uri
48441,2021-02-14T07:30:00Z,Winter Storm Uri
48441,2021-02-14T13:15:00Z,Winter Storm Uri
48441,2021-02-19T18:15:00Z,Winter Storm Uri
48445,2021-02-11T21:30:00Z,Winter Storm Uri
48445,2021-02-13T17:30:00Z,Winter Storm Uri
48445,2021-02-14T13:45:00Z,Winter Storm Uri
48445,2021-02-15T19:00:00Z,Winter Storm Uri
48445,2021-02-16T13:15:00Z,Winter Storm Uri
48447,2021-02-15T09:45:00Z,Winter Storm Uri
48447,2021-02-15T13:45:00Z,Winter Storm Uri
48449,2021-02-11T11:15:00Z,Winter Storm Uri
48449,2021-02-15T09:30:00Z,Winter Storm Uri
48449,2024-05-28T12:45:00Z,Memorial Day storms (Dallas derecho)
48449,2024-05-30T19:45:00Z,Memorial Day storms (Dallas derecho)
48449,2024-07-09T00:00:00Z,Hurricane Beryl
48449,2024-07-10T18:45:00Z,Hurricane Beryl
48449,2024-07-15T04:45:00Z,Hurricane Beryl
48449,2024-07-17T21:15:00Z,Hurricane Beryl
48451,2021-02-12T17:00:00Z,Winter Storm Uri
48451,2021-02-14T11:00:00Z,Winter Storm Uri
48453,2021-02-11T16:45:00Z,Winter Storm Uri
48453,2021-02-14T18:30:00Z,Winter Storm Uri
48453,2023-02-01T08:15:00Z,Winter Storm Mara (ice storm)
48455,2021-02-15T12:00:00Z,Winter Storm Uri
48455,2021-02-20T22:00:00Z,Winter Storm Uri
48455,2021-02-21T17:45:00Z,Winter Storm Uri
48455,2021-09-13T19:00:00Z,Hurricane Nicholas
48455,2021-09-17T19:15:00Z,Hurricane Nicholas
48455,2024-05-28T15:30:00Z,Memorial Day storms (Dallas derecho)
48455,2024-06-01T23:45:00Z,Memorial Day storms (Dallas derecho)
48455,2024-07-07T20:15:00Z,Hurricane Beryl
48455,2024-07-08T15:00:00Z,Hurricane Beryl
48455,2024-07-18T10:00:00Z,Hurricane Beryl
48457,2021-02-15T09:30:00Z,Winter Storm Uri
48457,2021-02-16T01:00:00Z,Winter Storm Uri
48457,2021-02-18T08:30:00Z,Winter Storm Uri
48457,2021-02-18T18:15:00Z,Winter Storm Uri
48457,2021-02-20T04:30:00Z,Winter Storm Uri
48457,2021-09-15T13:45:00Z,Hurricane Nicholas
48457,2024-05-16T21:30:00Z,Houston derecho
48457,2024-05-19T06:00:00Z,Houston derecho
48457,2024-05-19T17:00:00Z,Houston derecho
48457,2024-05-20T14:45:00Z,Houston derecho
48457,2024-05-21T11:15:00Z,Houston derecho
48457,2024-05-28T01:00:00Z,Memorial Day storms (Dallas derecho)
48457,2024-05-28T18:15:00Z,Memorial Day storms (Dallas derecho)
48457,2024-05-31T00:30:00Z,Memorial Day storms (Dallas derecho)
48457,2024-06-01T14:15:00Z,Memorial Day storms (Dallas derecho)
48457,2024-06-01T20:15:00Z,Memorial Day storms (Dallas derecho)
48457,2024-07-07T18:30:00Z,Hurricane Beryl
48457,2024-07-08T12:30:00Z,Hurricane Beryl
48457,2024-07-13T13:45:00Z,Hurricane Beryl
48457,2024-07-16T17:15:00Z,Hurricane Beryl
48457,2024-07-17T23:30:00Z,Hurricane Beryl
48457,2024-07-19T07:45:00Z,Hurricane Beryl
48459,2021-02-11T03:30:00Z,Winter Storm Uri
48459,2021-02-11T11:45:00Z,Winter Storm Uri
48459,2021-02-13T19:30:00Z,Winter Storm Uri
48459,2021-02-15T06:45:00Z,Winter Storm Uri
48459,2021-02-15T23:15:00Z,Winter Storm Uri
48459,2024-05-28T12:45:00Z,Memorial Day storms (Dallas derecho)
48459,2024-05-30T21:30:00Z,Memorial Day storms (Dallas derecho)
48459,2024-07-07T21:30:00Z,Hurricane Beryl
48459,2024-07-08T12:30:00Z,Hurricane Beryl
48459,2024-07-08T17:30:00Z,Hurricane Beryl
48459,2024-07-08T21:00:00Z,Hurricane Beryl
48459,2024-07-17T20:45:00Z,Hurricane Beryl
48459,2024-07-18T05:45:00Z,Hurricane Beryl
48461,2021-02-14T10:15:00Z,Winter Storm Uri
48461,2021-02-14T11:45:00Z,Winter Storm Uri
48461,2021-02-18T09:30:00Z,Winter Storm Uri
48461,2021-02-19T18:30:00Z,Winter Storm Uri
48461,2021-02-20T05:45:00Z,Winter Storm Uri
48463,2021-02-15T01:30:00Z,Winter Storm Uri
48465,2021-02-15T00:00:00Z,Winter Storm Uri
48467,2021-02-11T12:45:00Z,Winter Storm Uri
48467,2021-02-14T16:45:00Z,Winter Storm Uri
48467,2021-02-21T04:45:00Z,Winter Storm Uri
48467,2024-05-28T12:15:00Z,Memorial Day storms (Dallas derecho)
48467,2024-07-08T18:15:00Z,Hurricane Beryl
48467,2024-07-14T17:45:00Z,Hurricane Beryl
48467,2024-07-17T20:15:00Z,Hurricane Beryl
48469,2021-02-14T05:45:00Z,Winter Storm Uri
48469,2024-05-31T12:45:00Z,Memorial Day storms (Dallas derecho)
48469,2024-06-01T23:15:00Z,Memorial Day storms (Dallas derecho)
48471,2021-02-15T00:30:00Z,Winter Storm Uri
48471,2021-09-16T03:15:00Z,Hurricane Nicholas
48471,2021-09-18T21:15:00Z,Hurricane Nicholas
48471,2024-05-28T16:45:00Z,Memorial Day storms (Dallas derecho)
48471,2024-07-07T21:45:00Z,Hurricane Beryl
48471,2024-07-08T13:00:00Z,Hurricane Beryl
48471,2024-07-18T07:30:00Z,Hurricane Beryl
48471,2024-07-18T20:00:00Z,Hurricane Beryl
48473,2021-02-12T11:45:00Z,Winter Storm Uri
48473,2021-02-12T17:30:00Z,Winter Storm Uri
48473,2021-02-14T22:15:00Z,Winter Storm Uri
48473,2021-02-21T13:30:00Z,Winter Storm Uri
48473,2021-09-13T12:45:00Z,Hurricane Nicholas
48473,2021-09-14T02:15:00Z,Hurricane Nicholas
48473,2021-09-19T04:00:00Z,Hurricane Nicholas
48473,2024-05-16T13:30:00Z,Houston derecho
48473,2024-05-16T22:30:00Z,Houston derecho
48473,2024-05-28T17:45:00Z,Memorial Day storms (Dallas derecho)
48473,2024-05-31T12:00:00Z,Memorial Day storms (Dallas derecho)
48473,2024-06-01T05:45:00Z,Memorial Day storms (Dallas derecho)
48473,2024-07-08T11:00:00Z,Hurricane Beryl
48473,2024-07-17T20:45:00Z,Hurricane Beryl
48475,2021-02-14T06:15:00Z,Winter Storm Uri
48475,2021-02-15T07:45:00Z,Winter Storm Uri
48477,2021-02-12T08:15:00Z,Winter Storm Uri
48477,2021-02-14T14:00:00Z,Winter Storm Uri
48477,2021-02-14T21:00:00Z,Winter Storm Uri
48477,2021-02-15T01:00:00Z,Winter Storm Uri
48477,2021-02-18T12:15:00Z,Winter Storm Uri
48477,2021-02-20T20:15:00Z,Winter Storm Uri
48477,2023-02-08T16:15:00Z,Winter Storm Mara (ice storm)
48479,2021-02-15T07:30:00Z,Winter Storm Uri
48479,2021-02-21T14:15:00Z,Winter Storm Uri
48481,2021-02-14T20:15:00Z,Winter Storm Uri
48481,2021-02-15T03:30:00Z,Winter Storm Uri
48481,2021-02-20T18:15:00Z,Winter Storm Uri
48481,2021-02-21T16:15:00Z,Winter Storm Uri
48481,2021-02-22T02:45:00Z,Winter Storm Uri
48481,2021-09-13T03:30:00Z,Hurricane Nicholas
48481,2021-09-13T09:15:00Z,Hurricane Nicholas
48481,2024-05-16T23:30:00Z,Houston derecho
48481,2024-05-18T06:45:00Z,Houston derecho
48481,2024-05-28T19:45:00Z,Memorial Day storms (Dallas derecho)
48481,2024-05-29T23:30:00Z,Memorial Day storms (Dallas derecho)
48481,2024-05-31T12:00:00Z,Memorial Day storms (Dallas derecho)
48481,2024-07-08T07:45:00Z,Hurricane Beryl
48481,2024-07-19T11:30:00Z,Hurricane Beryl
48485,2021-02-15T07:45:00Z,Winter Storm Uri
48485,2024-05-28T12:15:00Z,Memorial Day storms (Dallas derecho)
48487,2021-02-15T09:45:00Z,Winter Storm Uri
48487,2021-02-15T14:00:00Z,Winter Storm Uri
48487,2021-02-15T19:00:00Z,Winter Storm Uri
48487,2024-05-30T16:15:00Z,Memorial Day storms (Dallas derecho)
48489,2021-02-11T18:45:00Z,Winter Storm Uri
48489,2021-02-14T14:00:00Z,Winter Storm Uri
48489,2021-02-15T08:15:00Z,Winter Storm Uri
48489,2021-02-21T16:45:00Z,Winter Storm Uri
48489,2023-01-31T18:15:00Z,Winter Storm Mara (ice storm)
48491,2021-02-11T16:45:00Z,Winter Storm Uri
48491,2021-02-14T18:45:00Z,Winter Storm Uri
48491,2023-01-30T22:45:00Z,Winter Storm Mara (ice storm)
48491,2023-01-31T16:00:00Z,Winter Storm Mara (ice storm)
48491,2023-02-01T04:45:00Z,Winter Storm Mara (ice storm)
48491,2023-02-01T09:45:00Z,Winter Storm Mara (ice storm)
48493,2021-02-13T14:45:00Z,Winter Storm Uri
48493,2021-02-14T21:15:00Z,Winter Storm Uri
48495,2021-02-15T15:45:00Z,Winter Storm Uri
48497,2021-02-14T15:30:00Z,Winter Storm Uri
48497,2023-01-31T13:15:00Z,Winter Storm Mara (ice storm)
48497,2023-02-08T12:00:00Z,Winter Storm Mara (ice storm)
48497,2024-05-27T23:15:00Z,Memorial Day storms (Dallas derecho)
48497,2024-05-28T10:00:00Z,Memorial Day storms (Dallas derecho)
48497,2024-05-30T15:15:00Z,Memorial Day storms (Dallas derecho)
48499,2021-02-11T10:30:00Z,Winter Storm Uri
48499,2021-02-14T16:00:00Z,Winter Storm Uri
48499,2021-02-15T08:30:00Z,Winter Storm Uri
48499,2021-02-16T10:15:00Z,Winter Storm Uri
48499,2024-05-28T13:00:00Z,Memorial Day storms (Dallas derecho)
48499,2024-06-02T04:30:00Z,Memorial Day storms (Dallas derecho)
48499,2024-07-08T22:00:00Z,Hurricane Beryl
48499,2024-07-17T20:15:00Z,Hurricane Beryl
48499,2024-07-18T15:30:00Z,Hurricane Beryl
48499,2024-07-18T17:00:00Z,Hurricane Beryl
48501,2021-02-14T01:45:00Z,Winter Storm Uri
48501,2021-02-14T16:15:00Z,Winter Storm Uri
48501,2021-02-16T13:00:00Z,Winter Storm Uri
48503,2021-02-15T08:45:00Z,Winter Storm Uri
48503,2024-05-30T15:00:00Z,Memorial Day storms (Dallas derecho)
48503,2024-05-30T17:15:00Z,Memorial Day storms (Dallas derecho)
48505,2021-02-12T12:15:00Z,Winter Storm Uri
48505,2021-02-15T08:15:00Z,Winter Storm Uri
48505,2021-02-20T14:30:00Z,Winter Storm Uri
48505,2021-02-20T19:45:00Z,Winter Storm Uri
48505,2023-02-03T18:00:00Z,Winter Storm Mara (ice storm)
48507,2021-02-15T07:45:00Z,Winter Storm Uri
