county_fips,county,load_zone,utility_id,utility_name,long_outages_per_year,homes,household_long_outages,grid_usd_per_core,home_rank,grid_rank,index,base_offer
48453,Travis,LZ_AEN,1015,Austin Energy,0.1010,274225,27693.4703,2495.4852,0.9763,0.7477,0.8544,backup_program
48441,Taylor,LZ_WEST,20404,AEP Texas North Company,0.1089,31356,3413.6843,2851.8560,0.8261,0.8773,0.8513,energy_only
48329,Midland,LZ_WEST,44372,Oncor Electric Delivery Company LLC,0.0775,40373,3129.0100,2851.8560,0.8182,0.8773,0.8472,energy_plus_backup
48491,Williamson,LZ_AEN,1015,Austin Energy,0.0992,162707,16144.5819,2495.4852,0.9526,0.7477,0.8439,backup_program
48201,Harris,LZ_HOUSTON,8901,CenterPoint Energy,0.2143,901810,193260.1791,2461.0069,1.0000,0.7037,0.8389,energy_plus_backup
48451,Tom Green,LZ_WEST,20404,AEP Texas North Company,0.1013,28765,2913.2083,2851.8560,0.7984,0.8773,0.8369,energy_only
48157,Fort Bend,LZ_HOUSTON,8901,CenterPoint Energy,0.2018,218869,44161.6646,2461.0069,0.9881,0.7037,0.8339,energy_plus_backup
48339,Montgomery,LZ_HOUSTON,8901,CenterPoint Energy,0.2433,156030,37958.3871,2461.0069,0.9802,0.7037,0.8305,energy_plus_backup
48167,Galveston,LZ_HOUSTON,8901,CenterPoint Energy,0.2384,89121,21242.9407,2461.0069,0.9644,0.7037,0.8238,energy_plus_backup
48039,Brazoria,LZ_HOUSTON,8901,CenterPoint Energy,0.2263,91055,20606.3921,2461.0069,0.9605,0.7037,0.8221,energy_plus_backup
48135,Ector,LZ_WEST,44372,Oncor Electric Delivery Company LLC,0.0682,33139,2261.0342,2851.8560,0.7668,0.8773,0.8202,energy_plus_backup
48029,Bexar,LZ_CPS,16604,City of San Antonio - (TX),0.0941,420916,39613.6955,2419.0479,0.9842,0.6505,0.8001,none
48265,Kerr,LZ_WEST,3282,"Central Texas Elec Coop, Inc",0.1040,12893,1340.4260,2851.8560,0.6996,0.8773,0.7834,none
48291,Liberty,LZ_HOUSTON,10982,City of Liberty - (TX),0.2446,16257,3976.9076,2461.0069,0.8617,0.7037,0.7787,none
48469,Victoria,LZ_HOUSTON,3278,AEP Texas Central Company,0.1848,20364,3763.0274,2461.0069,0.8538,0.7037,0.7751,energy_only
48091,Comal,LZ_CPS,16604,City of San Antonio - (TX),0.0969,50117,4853.9421,2419.0479,0.8972,0.6505,0.7639,none
48187,Guadalupe,LZ_CPS,16604,City of San Antonio - (TX),0.0901,44657,4022.0172,2419.0479,0.8696,0.6505,0.7521,none
48465,Val Verde,LZ_WEST,3278,AEP Texas Central Company,0.1038,10513,1091.2038,2851.8560,0.6443,0.8773,0.7518,energy_only
48071,Chambers,LZ_HOUSTON,8901,CenterPoint Energy,0.2370,12303,2916.0905,2461.0069,0.8024,0.7037,0.7514,energy_plus_backup
48373,Polk,LZ_HOUSTON,11097,City of Livingston - (TX),0.2251,11290,2541.6079,2461.0069,0.7866,0.7037,0.7440,none
48473,Waller,LZ_HOUSTON,8435,City of Hempstead - (TX),0.2318,10458,2424.5585,2461.0069,0.7787,0.7037,0.7402,none
48481,Wharton,LZ_HOUSTON,8901,CenterPoint Energy,0.2192,10109,2215.4017,2461.0069,0.7589,0.7037,0.7308,energy_plus_backup
48321,Matagorda,LZ_HOUSTON,8901,CenterPoint Energy,0.2429,9066,2201.8539,2461.0069,0.7549,0.7037,0.7289,energy_plus_backup
48015,Austin,LZ_HOUSTON,1519,City of Bellville - (TX),0.2258,7255,1638.3579,2461.0069,0.7273,0.7037,0.7154,none
48241,Jasper,LZ_HOUSTON,9664,City of Jasper - (TX),0.1835,7549,1385.3162,2461.0069,0.7036,0.7037,0.7036,none
48171,Gillespie,LZ_WEST,6758,City of Fredericksburg - (TX),0.1032,7265,749.8448,2851.8560,0.5613,0.8773,0.7017,none
48299,Llano,LZ_WEST,11103,City of Llano - (TX),0.1056,6997,738.5888,2851.8560,0.5573,0.8773,0.6992,none
48057,Calhoun,LZ_HOUSTON,3278,AEP Texas Central Company,0.1985,5808,1152.8669,2461.0069,0.6640,0.7037,0.6836,energy_only
48227,Howard,LZ_WEST,44372,Oncor Electric Delivery Company LLC,0.0801,7793,623.9900,2851.8560,0.5296,0.8773,0.6817,energy_plus_backup
48463,Uvalde,LZ_WEST,3278,AEP Texas Central Company,0.1094,5208,569.6277,2851.8560,0.4980,0.8773,0.6610,energy_only
48281,Lampasas,LZ_WEST,10656,City of Lampasas - (TX),0.0968,5721,553.8611,2851.8560,0.4783,0.8773,0.6478,none
48113,Dallas,LZ_NORTH,44372,Oncor Electric Delivery Company LLC,0.1373,465110,63850.4638,2319.8659,0.9960,0.4144,0.6424,energy_plus_backup
48371,Pecos,LZ_WEST,20404,AEP Texas North Company,0.1735,2890,501.4431,2851.8560,0.4704,0.8773,0.6424,energy_only
48493,Wilson,LZ_CPS,16604,City of San Antonio - (TX),0.0924,11432,1055.8164,2419.0479,0.6324,0.6505,0.6414,none
48439,Tarrant,LZ_NORTH,44372,Oncor Electric Delivery Company LLC,0.1073,449417,48207.7476,2319.8659,0.9921,0.4144,0.6412,energy_plus_backup
48085,Collin,LZ_NORTH,44372,Oncor Electric Delivery Company LLC,0.1054,261209,27520.5009,2319.8659,0.9723,0.4144,0.6347,energy_plus_backup
48121,Denton,LZ_NORTH,44372,Oncor Electric Delivery Company LLC,0.1007,227562,22918.5474,2319.8659,0.9684,0.4144,0.6334,energy_plus_backup
48253,Jones,LZ_WEST,20404,AEP Texas North Company,0.1163,4081,474.4399,2851.8560,0.4506,0.8773,0.6287,energy_only
48423,Smith,LZ_NORTH,44372,Oncor Electric Delivery Company LLC,0.2751,50577,13914.2627,2319.8659,0.9447,0.4144,0.6256,energy_plus_backup
48239,Jackson,LZ_HOUSTON,3278,AEP Texas Central Company,0.1957,3771,737.9326,2461.0069,0.5534,0.7037,0.6240,energy_only
48043,Brewster,LZ_WEST,20404,AEP Texas North Company,0.1647,2665,438.9285,2851.8560,0.4427,0.8773,0.6232,energy_only
48013,Atascosa,LZ_CPS,16604,City of San Antonio - (TX),0.1019,8822,898.8840,2419.0479,0.5968,0.6505,0.6231,none
48027,Bell,LZ_NORTH,44372,Oncor Electric Delivery Company LLC,0.1278,75156,9602.2280,2319.8659,0.9368,0.4144,0.6230,energy_plus_backup
48041,Brazos,LZ_NORTH,2442,City of Bryan - (TX),0.2112,37664,7953.6500,2319.8659,0.9249,0.4144,0.6191,none
48309,McLennan,LZ_NORTH,44372,Oncor Electric Delivery Company LLC,0.1162,56263,6539.9931,2319.8659,0.9170,0.4144,0.6164,energy_plus_backup
48139,Ellis,LZ_NORTH,44372,Oncor Electric Delivery Company LLC,0.1226,49795,6105.4976,2319.8659,0.9130,0.4144,0.6151,energy_plus_backup
48415,Scurry,LZ_WEST,1591,"Big Country Electric Coop, Inc",0.0978,4164,407.2015,2851.8560,0.4308,0.8773,0.6148,none
48303,Lubbock,LZ_NORTH,11292,City of Lubbock - (TX),0.0924,65436,6048.6235,2319.8659,0.9091,0.4144,0.6137,none
48213,Henderson,LZ_NORTH,44372,Oncor Electric Delivery Company LLC,0.2358,18823,4437.5311,2319.8659,0.8893,0.4144,0.6070,energy_plus_backup
48353,Nolan,LZ_WEST,20404,AEP Texas North Company,0.1053,3663,385.5547,2851.8560,0.4190,0.8773,0.6063,energy_only
48367,Parker,LZ_NORTH,44372,Oncor Electric Delivery Company LLC,0.1111,39391,4378.1601,2319.8659,0.8854,0.4144,0.6057,energy_plus_backup
48251,Johnson,LZ_NORTH,44372,Oncor Electric Delivery Company LLC,0.1068,40763,4352.9990,2319.8659,0.8814,0.4144,0.6043,energy_plus_backup
48005,Angelina,LZ_NORTH,44372,Oncor Electric Delivery Company LLC,0.2557,16398,4193.7304,2319.8659,0.8775,0.4144,0.6030,energy_plus_backup
48389,Reeves,LZ_WEST,20404,AEP Texas North Company,0.1410,2693,379.6958,2851.8560,0.4111,0.8773,0.6005,energy_only
48467,Van Zandt,LZ_NORTH,44372,Oncor Electric Delivery Company LLC,0.2692,14877,4004.6720,2319.8659,0.8656,0.4144,0.5989,energy_plus_backup
48257,Kaufman,LZ_NORTH,44372,Oncor Electric Delivery Company LLC,0.1116,35085,3914.7457,2319.8659,0.8577,0.4144,0.5961,energy_plus_backup
48003,Andrews,LZ_WEST,44372,Oncor Electric Delivery Company LLC,0.0817,4230,345.4459,2851.8560,0.4032,0.8773,0.5947,energy_plus_backup
48401,Rusk,LZ_NORTH,44372,Oncor Electric Delivery Company LLC,0.3269,11382,3720.8863,2319.8659,0.8498,0.4144,0.5934,energy_plus_backup
48381,Randall,LZ_NORTH,18199,"Swisher Electric Coop, Inc",0.1023,35731,3653.9768,2319.8659,0.8458,0.4144,0.5920,none
48499,Wood,LZ_NORTH,44372,Oncor Electric Delivery Company LLC,0.2862,12086,3459.0450,2319.8659,0.8379,0.4144,0.5892,energy_plus_backup
48115,Dawson,LZ_WEST,44372,Oncor Electric Delivery Company LLC,0.1136,2780,315.9326,2851.8560,0.3953,0.8773,0.5889,energy_plus_backup
48181,Grayson,LZ_NORTH,20588,City of Whitesboro - (TX),0.1046,32956,3448.3794,2319.8659,0.8340,0.4144,0.5878,none
48397,Rockwall,LZ_NORTH,44372,Oncor Electric Delivery Company LLC,0.1022,32508,3322.2253,2319.8659,0.8221,0.4144,0.5837,energy_plus_backup
48073,Cherokee,LZ_NORTH,44372,Oncor Electric Delivery Company LLC,0.2811,10900,3064.0868,2319.8659,0.8142,0.4144,0.5808,energy_plus_backup
48475,Ward,LZ_WEST,44372,Oncor Electric Delivery Company LLC,0.1034,2883,297.9902,2851.8560,0.3834,0.8773,0.5800,energy_plus_backup
48347,Nacogdoches,LZ_NORTH,44372,Oncor Electric Delivery Company LLC,0.2607,11440,2981.8488,2319.8659,0.8063,0.4144,0.5780,energy_plus_backup
48485,Wichita,LZ_NORTH,20404,AEP Texas North Company,0.0960,28790,2763.5184,2319.8659,0.7945,0.4144,0.5737,energy_only
48001,Anderson,LZ_NORTH,44372,Oncor Electric Delivery Company LLC,0.2745,9725,2669.5897,2319.8659,0.7905,0.4144,0.5723,energy_plus_backup
48231,Hunt,LZ_NORTH,44372,Oncor Electric Delivery Company LLC,0.1124,22482,2526.3169,2319.8659,0.7826,0.4144,0.5695,energy_plus_backup
48351,Newton,LZ_HOUSTON,13603,City of Newton - (TX),0.1847,2606,481.4554,2461.0069,0.4545,0.7037,0.5656,none
48223,Hopkins,LZ_NORTH,44372,Oncor Electric Delivery Company LLC,0.2481,8470,2101.7346,2319.8659,0.7510,0.4144,0.5578,energy_plus_backup
48399,Runnels,LZ_WEST,20404,AEP Texas North Company,0.0974,2634,256.4857,2851.8560,0.3518,0.8773,0.5555,energy_only
48019,Bandera,LZ_CPS,16604,City of San Antonio - (TX),0.0969,5340,517.6599,2419.0479,0.4743,0.6505,0.5554,none
48185,Grimes,LZ_NORTH,12452,Mid-South Electric Coop Assn,0.2859,6507,1860.2058,2319.8659,0.7431,0.4144,0.5549,none
48449,Titus,LZ_NORTH,40051,Texas-New Mexico Power Co,0.2536,6885,1745.7727,2319.8659,0.7391,0.4144,0.5534,energy_only
48165,Gaines,LZ_WEST,44372,Oncor Electric Delivery Company LLC,0.0673,3773,253.7825,2851.8560,0.3478,0.8773,0.5524,energy_plus_backup
48497,Wise,LZ_NORTH,2210,City of Bridgeport - (TX),0.1066,15903,1694.8179,2319.8659,0.7352,0.4144,0.5519,none
48099,Coryell,LZ_NORTH,7979,Hamilton County Elec Coop Assn,0.1124,14735,1656.3484,2319.8659,0.7312,0.4144,0.5504,none
48221,Hood,LZ_NORTH,7480,City of Granbury - (TX),0.0932,17443,1625.7814,2319.8659,0.7194,0.4144,0.5460,none
48225,Houston,LZ_NORTH,44372,Oncor Electric Delivery Company LLC,0.3086,4690,1447.4686,2319.8659,0.7075,0.4144,0.5414,energy_plus_backup
48445,Terry,LZ_WEST,2404,City of Brownfield - (TX),0.0919,2527,232.1298,2851.8560,0.3320,0.8773,0.5397,none
48161,Freestone,LZ_NORTH,44372,Oncor Electric Delivery Company LLC,0.3035,4006,1215.6354,2319.8659,0.6838,0.4144,0.5323,energy_plus_backup
48395,Robertson,LZ_NORTH,8359,City of Hearne - (TX),0.3118,3883,1210.6340,2319.8659,0.6798,0.4144,0.5307,none
48305,Lynn,LZ_WEST,44372,Oncor Electric Delivery Company LLC,0.1465,1530,224.1868,2851.8560,0.3202,0.8773,0.5300,energy_plus_backup
48277,Lamar,LZ_NORTH,44372,Oncor Electric Delivery Company LLC,0.0973,12047,1171.5913,2319.8659,0.6719,0.4144,0.5277,energy_plus_backup
48083,Coleman,LZ_WEST,3923,City of Coleman - (TX),0.0956,2337,223.3363,2851.8560,0.3162,0.8773,0.5267,none
48419,Shelby,LZ_NORTH,18933,City of Timpson - (TX),0.2418,4802,1160.9030,2319.8659,0.6680,0.4144,0.5261,none
48097,Cooke,LZ_NORTH,44372,Oncor Electric Delivery Company LLC,0.1100,10415,1145.8558,2319.8659,0.6561,0.4144,0.5214,energy_plus_backup
48293,Limestone,LZ_NORTH,44372,Oncor Electric Delivery Company LLC,0.2345,4884,1145.2637,2319.8659,0.6522,0.4144,0.5198,energy_plus_backup
48289,Leon,LZ_NORTH,44372,Oncor Electric Delivery Company LLC,0.3316,3422,1134.8728,2319.8659,0.6482,0.4144,0.5183,energy_plus_backup
48349,Navarro,LZ_NORTH,44372,Oncor Electric Delivery Company LLC,0.1038,10371,1076.4684,2319.8659,0.6403,0.4144,0.5151,energy_plus_backup
48335,Mitchell,LZ_WEST,27369,Taylor Electric Coop Inc - (TX),0.1123,1795,201.4972,2851.8560,0.3004,0.8773,0.5134,none
48455,Trinity,LZ_NORTH,44372,Oncor Electric Delivery Company LLC,0.3220,3051,982.2734,2319.8659,0.6285,0.4144,0.5103,energy_plus_backup
48307,McCulloch,LZ_WEST,2135,City of Brady - (TX),0.0997,1993,198.7069,2851.8560,0.2964,0.8773,0.5100,none
48217,Hill,LZ_NORTH,44372,Oncor Electric Delivery Company LLC,0.1126,8625,971.4475,2319.8659,0.6245,0.4144,0.5087,energy_plus_backup
48317,Martin,LZ_WEST,44372,Oncor Electric Delivery Company LLC,0.1642,1172,192.3902,2851.8560,0.2925,0.8773,0.5066,energy_plus_backup
48143,Erath,LZ_NORTH,44372,Oncor Electric Delivery Company LLC,0.1075,8962,963.8493,2319.8659,0.6166,0.4144,0.5055,energy_plus_backup
48145,Falls,LZ_NORTH,44372,Oncor Electric Delivery Company LLC,0.2188,4285,937.7305,2319.8659,0.6126,0.4144,0.5038,energy_plus_backup
48147,Fannin,LZ_NORTH,44372,Oncor Electric Delivery Company LLC,0.1041,8798,915.9056,2319.8659,0.6047,0.4144,0.5006,energy_plus_backup
48049,Brown,LZ_NORTH,20404,AEP Texas North Company,0.1059,8582,908.4359,2319.8659,0.6008,0.4144,0.4989,energy_only
48313,Madison,LZ_NORTH,16146,"Navasota Valley Elec Coop, Inc",0.3605,2489,897.2625,2319.8659,0.5929,0.4144,0.4956,none
48159,Franklin,LZ_NORTH,40051,Texas-New Mexico Power Co,0.2835,2841,805.4625,2319.8659,0.5731,0.4144,0.4873,energy_only
48363,Palo Pinto,LZ_NORTH,6611,Fort Belknap Electric Coop Inc,0.1209,6453,780.0214,2319.8659,0.5692,0.4144,0.4856,none
48495,Winkler,LZ_WEST,44372,Oncor Electric Delivery Company LLC,0.0728,2167,157.8427,2851.8560,0.2688,0.8773,0.4856,energy_plus_backup
48133,Eastland,LZ_NORTH,20404,AEP Texas North Company,0.1690,4468,755.0287,2319.8659,0.5652,0.4144,0.4839,energy_only
48379,Rains,LZ_NORTH,40051,Texas-New Mexico Power Co,0.2158,3277,707.3196,2319.8659,0.5455,0.4144,0.4754,energy_only
48189,Hale,LZ_NORTH,11014,"Lighthouse Electric Coop, Inc",0.0950,6367,605.0956,2319.8659,0.5217,0.4144,0.4650,none
48337,Montague,LZ_NORTH,2050,City of Bowie - (TX),0.1001,5926,593.3962,2319.8659,0.5178,0.4144,0.4632,none
48403,Sabine,LZ_NORTH,8432,City of Hemphill - (TX),0.2080,2755,573.1482,2319.8659,0.5059,0.4144,0.4579,none
48411,San Saba,LZ_WEST,28981,City of San Saba - (TX),0.1010,1350,136.4091,2851.8560,0.2372,0.8773,0.4561,none
48059,Callahan,LZ_NORTH,20404,AEP Texas North Company,0.1556,3667,570.7475,2319.8659,0.5020,0.4144,0.4561,energy_only
48093,Comanche,LZ_NORTH,4295,Comanche County Elec Coop Assn,0.1566,3631,568.6400,2319.8659,0.4941,0.4144,0.4525,none
48267,Kimble,LZ_WEST,3282,"Central Texas Elec Coop, Inc",0.0981,1377,135.1376,2851.8560,0.2332,0.8773,0.4523,none
48035,Bosque,LZ_NORTH,44372,Oncor Electric Delivery Company LLC,0.1208,4708,568.5844,2319.8659,0.4901,0.4144,0.4506,energy_plus_backup
48503,Young,LZ_NORTH,6611,Fort Belknap Electric Coop Inc,0.1075,5222,561.5401,2319.8659,0.4822,0.4144,0.4470,none
48461,Upton,LZ_WEST,20404,AEP Texas North Company,0.1472,847,124.6650,2851.8560,0.2174,0.8773,0.4367,energy_only
48383,Reagan,LZ_WEST,20404,AEP Texas North Company,0.2025,606,122.7281,2851.8560,0.2095,0.8773,0.4287,energy_only
48319,Mason,LZ_WEST,11793,City of Mason - (TX),0.1085,1116,121.0529,2851.8560,0.2055,0.8773,0.4246,none
48117,Deaf Smith,LZ_NORTH,6198,"Farmers Electric Coop, Inc - (NM)",0.1089,3863,420.5616,2319.8659,0.4348,0.4144,0.4244,none
48151,Fisher,LZ_WEST,20404,AEP Texas North Company,0.0998,1144,114.1290,2851.8560,0.2016,0.8773,0.4205,energy_only
48077,Clay,LZ_NORTH,9422,J-A-C Electric Coop Inc,0.1046,3280,343.2226,2319.8659,0.3992,0.4144,0.4067,none
48443,Terrell,LZ_WEST,40051,Texas-New Mexico Power Co,0.3102,341,105.7926,2851.8560,0.1858,0.8773,0.4037,energy_only
48387,Red River,LZ_NORTH,44372,Oncor Electric Delivery Company LLC,0.1063,2933,311.7393,2319.8659,0.3913,0.4144,0.4027,energy_plus_backup
48405,San Augustine,LZ_NORTH,16605,City of San Augustine - (TX),0.2088,1441,300.8675,2319.8659,0.3874,0.4144,0.4006,none
48487,Wilbarger,LZ_NORTH,20404,AEP Texas North Company,0.0971,3008,292.0616,2319.8659,0.3755,0.4144,0.3944,energy_only
48009,Archer,LZ_NORTH,9422,J-A-C Electric Coop Inc,0.1082,2635,285.1251,2319.8659,0.3715,0.4144,0.3924,none
48425,Somervell,LZ_NORTH,44372,Oncor Electric Delivery Company LLC,0.1157,2406,278.2738,2319.8659,0.3676,0.4144,0.3903,energy_plus_backup
48429,Stephens,LZ_NORTH,20404,AEP Texas North Company,0.1191,2328,277.3096,2319.8659,0.3636,0.4144,0.3882,energy_only
48081,Coke,LZ_WEST,20404,AEP Texas North Company,0.1008,935,94.2921,2851.8560,0.1660,0.8773,0.3816,energy_only
48193,Hamilton,LZ_NORTH,7979,Hamilton County Elec Coop Assn,0.1088,2265,246.4505,2319.8659,0.3439,0.4144,0.3775,none
48243,Jeff Davis,LZ_WEST,20404,AEP Texas North Company,0.1195,764,91.3152,2851.8560,0.1581,0.8773,0.3724,energy_only
48435,Sutton,LZ_WEST,20404,AEP Texas North Company,0.1032,849,87.6525,2851.8560,0.1542,0.8773,0.3677,energy_only
48271,Kinney,LZ_WEST,14626,"Pedernales Electric Coop, Inc",0.1211,721,87.2875,2851.8560,0.1502,0.8773,0.3630,none
48369,Parmer,LZ_NORTH,6198,"Farmers Electric Coop, Inc - (NM)",0.0998,2146,214.1367,2319.8659,0.3083,0.4144,0.3574,none
48119,Delta,LZ_NORTH,44372,Oncor Electric Delivery Company LLC,0.1318,1585,208.9243,2319.8659,0.3043,0.4144,0.3551,energy_plus_backup
48377,Presidio,LZ_WEST,20404,AEP Texas North Company,0.0653,1306,85.2987,2851.8560,0.1423,0.8773,0.3533,energy_only
48237,Jack,LZ_NORTH,9422,J-A-C Electric Coop Inc,0.1026,1812,185.8694,2319.8659,0.2846,0.4144,0.3434,none
48103,Crane,LZ_WEST,20404,AEP Texas North Company,0.0825,884,72.9556,2851.8560,0.1265,0.8773,0.3331,energy_only
48207,Haskell,LZ_NORTH,20404,AEP Texas North Company,0.1073,1439,154.3749,2319.8659,0.2569,0.4144,0.3263,energy_only
48413,Schleicher,LZ_WEST,20404,AEP Texas North Company,0.0954,749,71.4582,2851.8560,0.1186,0.8773,0.3225,energy_only
48437,Swisher,LZ_NORTH,19264,City of Tulia,0.0968,1464,141.7585,2319.8659,0.2451,0.4144,0.3187,none
48109,Culberson,LZ_WEST,44372,Oncor Electric Delivery Company LLC,0.1466,458,67.1334,2851.8560,0.1107,0.8773,0.3116,energy_plus_backup
48153,Floyd,LZ_NORTH,6472,City of Floydada - (TX),0.0967,1386,134.0022,2319.8659,0.2292,0.4144,0.3082,none
48327,Menard,LZ_WEST,3282,"Central Texas Elec Coop, Inc",0.1053,633,66.6762,2851.8560,0.1067,0.8773,0.3060,none
48107,Crosby,LZ_NORTH,11014,"Lighthouse Electric Coop, Inc",0.1016,1255,127.5565,2319.8659,0.2213,0.4144,0.3028,none
48215,Hidalgo,LZ_SOUTH,44372,Oncor Electric Delivery Company LLC,0.1036,156779,16249.9526,2217.9562,0.9565,0.0949,0.3013,energy_plus_backup
48075,Childress,LZ_NORTH,8183,Harmon Electric Assn Inc,0.1075,1144,122.9341,2319.8659,0.2134,0.4144,0.2974,none
48061,Cameron,LZ_SOUTH,3278,AEP Texas Central Company,0.1015,78989,8014.8774,2217.9562,0.9289,0.0949,0.2969,energy_only
48355,Nueces,LZ_SOUTH,3278,AEP Texas Central Company,0.1067,73243,7817.6048,2217.9562,0.9209,0.0949,0.2956,energy_only
48209,Hays,LZ_SOUTH,14626,"Pedernales Electric Coop, Inc",0.0997,59281,5909.3918,2217.9562,0.9051,0.0949,0.2931,none
48479,Webb,LZ_SOUTH,3278,AEP Texas Central Company,0.1023,46946,4800.5401,2217.9562,0.8933,0.0949,0.2912,energy_only
48095,Concho,LZ_WEST,20404,AEP Texas North Company,0.1044,565,59.0041,2851.8560,0.0949,0.8773,0.2885,energy_only
48333,Mills,LZ_NORTH,7368,City of Goldthwaite - (TX),0.0846,1314,111.1699,2319.8659,0.1976,0.4144,0.2862,none
48385,Real,LZ_WEST,3282,"Central Texas Elec Coop, Inc",0.0994,558,55.4663,2851.8560,0.0870,0.8773,0.2762,none
48275,Knox,LZ_NORTH,20404,AEP Texas North Company,0.1143,919,105.0874,2319.8659,0.1818,0.4144,0.2745,energy_only
48021,Bastrop,LZ_SOUTH,1324,City of Bastrop - (TX),0.1062,20895,2218.1071,2217.9562,0.7628,0.0949,0.2691,none
48023,Baylor,LZ_NORTH,16961,City of Seymour - (TX),0.1077,973,104.7920,2319.8659,0.1739,0.4144,0.2684,none
48409,San Patricio,LZ_SOUTH,3278,AEP Texas Central Company,0.1087,14984,1628.1590,2217.9562,0.7233,0.0949,0.2620,energy_only
48129,Donley,LZ_NORTH,11014,"Lighthouse Electric Coop, Inc",0.1149,806,92.6460,2319.8659,0.1621,0.4144,0.2591,none
48053,Burnet,LZ_SOUTH,2559,City of Burnet - (TX),0.1020,13036,1330.0762,2217.9562,0.6957,0.0949,0.2569,none
48259,Kendall,LZ_SOUTH,1913,City of Boerne,0.0989,13000,1285.4916,2217.9562,0.6917,0.0949,0.2562,none
48427,Starr,LZ_SOUTH,3278,AEP Texas Central Company,0.1054,12064,1271.6465,2217.9562,0.6877,0.0949,0.2555,energy_only
48325,Medina,LZ_SOUTH,3168,City of Castroville - (TX),0.1068,11181,1193.7303,2217.9562,0.6759,0.0949,0.2533,none
48323,Maverick,LZ_SOUTH,3278,AEP Texas Central Company,0.1047,10965,1147.5520,2217.9562,0.6601,0.0949,0.2503,energy_only
48169,Garza,LZ_NORTH,1591,"Big Country Electric Coop, Inc",0.0970,895,86.7944,2319.8659,0.1462,0.4144,0.2462,none
48173,Glasscock,LZ_WEST,4146,Concho Valley Elec Coop Inc,0.1516,304,46.0727,2851.8560,0.0672,0.8773,0.2428,none
48477,Washington,LZ_SOUTH,6183,"Fayette Electric Coop, Inc",0.1035,9333,966.3107,2217.9562,0.6206,0.0949,0.2427,none
48191,Hall,LZ_NORTH,20404,AEP Texas North Company,0.0972,845,82.0955,2319.8659,0.1383,0.4144,0.2394,energy_only
48197,Hardeman,LZ_NORTH,8183,Harmon Electric Assn Inc,0.0973,789,76.7647,2319.8659,0.1344,0.4144,0.2360,none
48055,Caldwell,LZ_SOUTH,11119,City of Lockhart - (TX),0.0962,9049,870.5171,2217.9562,0.5850,0.0949,0.2356,none
48249,Jim Wells,LZ_SOUTH,3278,AEP Texas Central Company,0.1125,7567,851.3268,2217.9562,0.5810,0.0949,0.2348,energy_only
48007,Aransas,LZ_SOUTH,3278,AEP Texas Central Company,0.1064,7577,806.0793,2217.9562,0.5771,0.0949,0.2340,energy_only
48417,Shackelford,LZ_NORTH,20404,AEP Texas North Company,0.0844,871,73.4843,2319.8659,0.1304,0.4144,0.2325,energy_only
48235,Irion,LZ_WEST,20404,AEP Texas North Company,0.1057,423,44.7041,2851.8560,0.0593,0.8773,0.2281,energy_only
48331,Milam,LZ_SOUTH,44372,Oncor Electric Delivery Company LLC,0.1114,6273,699.0945,2217.9562,0.5415,0.0949,0.2267,energy_plus_backup
48149,Fayette,LZ_SOUTH,10532,City of La Grange - (TX),0.0927,6960,645.1273,2217.9562,0.5336,0.0949,0.2250,none
48089,Colorado,LZ_SOUTH,20331,City of Weimar - (TX),0.1181,5242,618.8746,2217.9562,0.5257,0.0949,0.2234,none
48105,Crockett,LZ_WEST,20404,AEP Texas North Company,0.0598,725,43.3637,2851.8560,0.0553,0.8773,0.2203,energy_only
48273,Kleberg,LZ_SOUTH,3278,AEP Texas Central Company,0.1052,5583,587.1427,2217.9562,0.5099,0.0949,0.2200,energy_only
48285,Lavaca,LZ_SOUTH,7958,City of Hallettsville - (TX),0.1010,5599,565.4692,2217.9562,0.4862,0.0949,0.2148,none
48051,Burleson,LZ_SOUTH,2800,City of Caldwell,0.1060,4672,495.1007,2217.9562,0.4664,0.0949,0.2104,none
48025,Bee,LZ_SOUTH,3278,AEP Texas Central Company,0.1018,4795,487.9906,2217.9562,0.4625,0.0949,0.2095,energy_only
48087,Collingsworth,LZ_NORTH,11014,"Lighthouse Electric Coop, Inc",0.0929,679,63.0528,2319.8659,0.1028,0.4144,0.2064,none
48287,Lee,LZ_SOUTH,7184,City of Giddings - (TX),0.1058,4324,457.4542,2217.9562,0.4466,0.0949,0.2059,none
48489,Willacy,LZ_SOUTH,3278,AEP Texas Central Company,0.1119,3863,432.3716,2217.9562,0.4387,0.0949,0.2041,energy_only
48033,Borden,LZ_WEST,1591,"Big Country Electric Coop, Inc",0.2485,145,36.0326,2851.8560,0.0474,0.8773,0.2040,none
48011,Armstrong,LZ_NORTH,18199,"Swisher Electric Coop, Inc",0.1047,575,60.1896,2319.8659,0.0988,0.4144,0.2023,none
48031,Blanco,LZ_SOUTH,3282,"Central Texas Elec Coop, Inc",0.1093,3539,386.7399,2217.9562,0.4229,0.0949,0.2003,none
48123,DeWitt,LZ_SOUTH,4610,City of Cuero - (TX),0.0926,4153,384.3715,2217.9562,0.4150,0.0949,0.1985,none
48177,Gonzales,LZ_SOUTH,6396,City of Flatonia - (TX),0.0940,3852,362.0331,2217.9562,0.4071,0.0949,0.1966,none
48447,Throckmorton,LZ_NORTH,20404,AEP Texas North Company,0.1182,451,53.3006,2319.8659,0.0830,0.4144,0.1855,energy_only
48297,Live Oak,LZ_SOUTH,3278,AEP Texas Central Company,0.1115,2413,268.9382,2217.9562,0.3597,0.0949,0.1848,energy_only
48505,Zapata,LZ_SOUTH,3278,AEP Texas Central Company,0.1133,2361,267.4474,2217.9562,0.3557,0.0949,0.1837,energy_only
48125,Dickens,LZ_NORTH,20404,AEP Texas North Company,0.0933,562,52.4583,2319.8659,0.0791,0.4144,0.1810,energy_only
48163,Frio,LZ_SOUTH,3278,AEP Texas Central Company,0.1078,2274,245.0715,2217.9562,0.3399,0.0949,0.1796,energy_only
48175,Goliad,LZ_SOUTH,3278,AEP Texas Central Company,0.1279,1906,243.8402,2217.9562,0.3360,0.0949,0.1786,energy_only
48255,Karnes,LZ_SOUTH,6427,City of Floresville,0.0939,2443,229.3529,2217.9562,0.3281,0.0949,0.1765,none
48131,Duval,LZ_SOUTH,3278,AEP Texas Central Company,0.1200,1880,225.5108,2217.9562,0.3241,0.0949,0.1754,energy_only
48101,Cottle,LZ_NORTH,20404,AEP Texas North Company,0.1041,470,48.9341,2319.8659,0.0711,0.4144,0.1717,energy_only
48391,Refugio,LZ_SOUTH,3278,AEP Texas Central Company,0.1076,1732,186.3511,2217.9562,0.2885,0.0949,0.1655,energy_only
48047,Brooks,LZ_SOUTH,3278,AEP Texas Central Company,0.1169,1495,174.6972,2217.9562,0.2767,0.0949,0.1620,energy_only
48045,Briscoe,LZ_NORTH,20404,AEP Texas North Company,0.1098,411,45.1448,2319.8659,0.0632,0.4144,0.1619,energy_only
48127,Dimmit,LZ_SOUTH,3278,AEP Texas Central Company,0.1174,1333,156.4316,2217.9562,0.2648,0.0949,0.1585,energy_only
48507,Zavala,LZ_SOUTH,3278,AEP Texas Central Company,0.0969,1606,155.5831,2217.9562,0.2609,0.0949,0.1573,energy_only
48137,Edwards,LZ_WEST,20404,AEP Texas North Company,0.1139,278,31.6637,2851.8560,0.0277,0.8773,0.1558,energy_only
48359,Oldham,LZ_NORTH,6198,"Farmers Electric Coop, Inc - (NM)",0.0954,387,36.9231,2319.8659,0.0514,0.4144,0.1459,none
48431,Sterling,LZ_WEST,20404,AEP Texas North Company,0.1037,276,28.6109,2851.8560,0.0237,0.8773,0.1442,energy_only
48283,La Salle,LZ_SOUTH,3278,AEP Texas Central Company,0.1133,949,107.5680,2217.9562,0.1937,0.0949,0.1356,energy_only
48345,Motley,LZ_NORTH,20404,AEP Texas North Company,0.1122,321,36.0228,2319.8659,0.0435,0.4144,0.1342,energy_only
48433,Stonewall,LZ_NORTH,20404,AEP Texas North Company,0.0939,382,35.8805,2319.8659,0.0395,0.4144,0.1280,energy_only
48155,Foard,LZ_NORTH,20404,AEP Texas North Company,0.1043,323,33.6821,2319.8659,0.0356,0.4144,0.1214,energy_only
48247,Jim Hogg,LZ_SOUTH,3278,AEP Texas Central Company,0.1102,627,69.0741,2217.9562,0.1146,0.0949,0.1043,energy_only
48263,Kent,LZ_NORTH,20404,AEP Texas North Company,0.0980,209,20.4905,2319.8659,0.0158,0.4144,0.0809,energy_only
48269,King,LZ_NORTH,20404,AEP Texas North Company,0.0914,47,4.2944,2319.8659,0.0079,0.4144,0.0572,energy_only
48311,McMullen,LZ_SOUTH,3278,AEP Texas Central Company,0.1028,110,11.3028,2217.9562,0.0119,0.0949,0.0335,energy_only
48261,Kenedy,LZ_SOUTH,3278,AEP Texas Central Company,0.1201,20,2.4013,2217.9562,0.0040,0.0949,0.0194,energy_only
48301,Loving,LZ_WEST,44372,Oncor Electric Delivery Company LLC,0.0952,3,0.2855,2851.8560,0.0000,0.8773,0.0000,energy_plus_backup
48017,Bailey,,1169,Bailey County Elec Coop Assn,0.0948,1678,159.0996,,0.2727,,,none
48037,Bowie,,17698,Southwestern Electric Power Co,0.0982,19290,1894.4746,,0.7470,,,none
48063,Camp,,20927,"Wood County Electric Coop, Inc",0.2967,3117,924.9234,,0.6087,,,none
48065,Carson,,17718,Southwestern Public Service Co,0.1095,1673,183.2411,,0.2806,,,none
48067,Cass,,17698,Southwestern Electric Power Co,0.3172,7461,2366.5913,,0.7747,,,none
48069,Castro,,4939,"Deaf Smith Electric Coop, Inc",0.1042,1252,130.4121,,0.2253,,,none
48079,Cochran,,1169,Bailey County Elec Coop Assn,0.0962,515,49.5402,,0.0751,,,none
48111,Dallam,,17718,Southwestern Public Service Co,0.0977,1420,138.7310,,0.2411,,,none
48141,El Paso,,5701,El Paso Electric Co,0.0559,178173,9957.5533,,0.9407,,,backup_program
48179,Gray,,17718,Southwestern Public Service Co,0.1007,5844,588.4324,,0.5138,,,none
48183,Gregg,,17698,Southwestern Electric Power Co,0.3100,26509,8217.7935,,0.9328,,,none
48195,Hansford,,17718,Southwestern Public Service Co,0.1017,1445,147.0252,,0.2490,,,none
48199,Hardin,,16613,Sam Houston Electric Coop Inc,0.2449,14047,3440.1279,,0.8300,,,none
48203,Harrison,,17698,Southwestern Electric Power Co,0.2530,16113,4076.9566,,0.8735,,,none
48205,Hartley,,17718,Southwestern Public Service Co,0.0944,1135,107.1858,,0.1897,,,none
48211,Hemphill,,17718,Southwestern Public Service Co,0.1019,947,96.4524,,0.1700,,,none
48219,Hockley,,10625,"Lamb County Electric Coop, Inc",0.1012,4785,484.0362,,0.4585,,,none
48229,Hudspeth,,5701,El Paso Electric Co,0.1206,267,32.2092,,0.0316,,,backup_program
48233,Hutchinson,,17718,Southwestern Public Service Co,0.1268,5506,698.2133,,0.5375,,,none
48245,Jefferson,,55937,Entergy Texas Inc.,0.2533,56521,14318.2974,,0.9486,,,none
48279,Lamb,,1169,Bailey County Elec Coop Assn,0.0941,3128,294.4975,,0.3794,,,none
48295,Lipscomb,,17718,Southwestern Public Service Co,0.0967,753,72.7859,,0.1225,,,none
48315,Marion,,17698,Southwestern Electric Power Co,0.3141,2291,719.5023,,0.5494,,,none
48341,Moore,,17718,Southwestern Public Service Co,0.1030,3794,390.8542,,0.4269,,,none
48343,Morris,,17698,Southwestern Electric Power Co,0.2933,3035,890.1018,,0.5889,,,none
48357,Ochiltree,,17718,Southwestern Public Service Co,0.0984,2229,219.3441,,0.3123,,,none
48361,Orange,,9668,"Jasper-Newton Elec Coop, Inc",0.2558,20212,5170.2402,,0.9012,,,none
48365,Panola,,4975,Deep East Texas Elec Coop Inc,0.2953,5207,1537.8089,,0.7115,,,none
48375,Potter,,17718,Southwestern Public Service Co,0.1031,21995,2267.3551,,0.7708,,,none
48393,Roberts,,17718,Southwestern Public Service Co,0.1131,251,28.3959,,0.0198,,,none
48407,San Jacinto,,16613,Sam Houston Electric Coop Inc,0.2335,6836,1596.2062,,0.7154,,,none
48421,Sherman,,17718,Southwestern Public Service Co,0.0918,606,55.6120,,0.0909,,,none
48457,Tyler,,16613,Sam Houston Electric Coop Inc,0.2362,4501,1063.1485,,0.6364,,,none
48459,Upshur,,20927,"Wood County Electric Coop, Inc",0.3086,9904,3056.2454,,0.8103,,,none
48471,Walker,,16613,Sam Houston Electric Coop Inc,0.3063,11327,3469.1493,,0.8419,,,none
48483,Wheeler,,17718,Southwestern Public Service Co,0.1145,1341,153.5771,,0.2530,,,none
48501,Yoakum,,17718,Southwestern Public Service Co,0.0662,1587,105.0451,,0.1779,,,none
