zip,county_fips,share
73949,48421,1.000
73960,48421,1.000
75001,48113,1.000
75002,48085,1.000
75006,48113,1.000
75007,48121,0.904
75009,48085,0.931
75010,48121,1.000
75013,48085,1.000
75019,48113,0.980
75020,48181,1.000
75021,48181,1.000
75022,48121,0.951
75023,48085,1.000
75024,48085,0.875
75025,48085,1.000
75028,48121,0.977
75032,48397,1.000
75033,48121,0.548
75034,48085,0.565
75035,48085,1.000
75036,48121,1.000
75038,48113,1.000
75039,48113,1.000
75040,48113,1.000
75041,48113,1.000
75042,48113,1.000
75043,48113,1.000
75044,48113,0.996
75048,48113,0.806
75050,48113,0.789
75051,48113,0.870
75052,48113,0.593
75054,48439,0.652
75056,48121,1.000
75057,48121,1.000
75058,48181,1.000
75060,48113,1.000
75061,48113,1.000
75062,48113,1.000
75063,48113,1.000
75065,48121,1.000
75067,48121,0.962
75068,48121,1.000
75069,48085,1.000
75070,48085,1.000
75071,48085,1.000
75072,48085,1.000
75074,48085,1.000
75075,48085,1.000
75076,48181,1.000
75077,48121,1.000
75078,48085,0.701
75080,48113,0.709
75081,48113,1.000
75082,48085,0.846
75087,48397,0.937
75088,48113,0.873
75089,48113,0.963
75090,48181,1.000
75092,48181,1.000
75093,48085,0.902
75094,48085,1.000
75098,48085,0.866
75101,48139,1.000
75102,48349,1.000
75103,48467,1.000
75104,48113,0.938
75105,48349,1.000
75109,48349,1.000
75110,48349,1.000
75114,48257,1.000
75115,48113,1.000
75116,48113,1.000
75117,48467,1.000
75119,48139,0.944
75124,48213,0.729
75125,48139,0.715
75126,48257,0.974
75127,48467,1.000
75132,48397,1.000
75134,48113,1.000
75135,48231,1.000
75137,48113,1.000
75140,48467,0.982
75141,48113,1.000
75142,48257,1.000
75143,48257,0.540
75144,48349,1.000
75146,48113,0.994
75147,48467,0.558
75148,48213,1.000
75149,48113,1.000
75150,48113,1.000
75152,48139,1.000
75153,48349,1.000
75154,48139,0.875
75155,48349,1.000
75156,48213,0.999
75157,48257,1.000
75158,48257,1.000
75159,48113,0.629
75160,48257,0.828
75161,48257,1.000
75163,48213,1.000
75164,48085,1.000
75165,48139,1.000
75166,48085,1.000
75167,48139,1.000
75169,48467,0.886
75172,48113,1.000
75173,48085,1.000
75180,48113,1.000
75181,48113,1.000
75182,48113,1.000
75189,48397,0.423
75201,48113,1.000
75202,48113,1.000
75203,48113,1.000
75204,48113,1.000
75205,48113,1.000
75206,48113,1.000
75207,48113,1.000
75208,48113,1.000
75209,48113,1.000
75210,48113,1.000
75211,48113,1.000
75212,48113,1.000
75214,48113,1.000
75215,48113,1.000
75216,48113,1.000
75217,48113,1.000
75218,48113,1.000
75219,48113,1.000
75220,48113,1.000
75223,48113,1.000
75224,48113,1.000
75225,48113,1.000
75226,48113,1.000
75227,48113,1.000
75228,48113,1.000
75229,48113,1.000
75230,48113,1.000
75231,48113,1.000
75232,48113,1.000
75233,48113,1.000
75234,48113,1.000
75235,48113,1.000
75236,48113,1.000
75237,48113,1.000
75238,48113,1.000
75240,48113,1.000
75241,48113,1.000
75243,48113,1.000
75244,48113,1.000
75246,48113,1.000
75247,48113,1.000
75248,48113,0.994
75249,48113,1.000
75251,48113,1.000
75252,48085,0.922
75253,48113,1.000
75254,48113,1.000
75261,48439,1.000
75270,48113,1.000
75287,48085,0.582
75390,48113,1.000
75401,48231,1.000
75402,48231,1.000
75407,48085,1.000
75409,48085,1.000
75410,48499,0.511
75411,48277,1.000
75412,48387,1.000
75413,48147,1.000
75414,48181,1.000
75415,48119,1.000
75416,48277,0.988
75417,48387,1.000
75418,48147,1.000
75420,48223,0.991
75421,48277,1.000
75422,48231,1.000
75423,48231,0.942
75424,48085,0.919
75426,48387,1.000
75428,48231,0.833
75429,48231,1.000
75431,48223,0.770
75432,48119,1.000
75433,48223,0.981
75434,48277,1.000
75435,48277,0.544
75436,48387,0.937
75437,48223,1.000
75438,48147,1.000
75439,48147,1.000
75440,48379,0.975
75441,48119,1.000
75442,48085,0.836
75446,48147,0.754
75447,48147,1.000
75448,48119,1.000
75449,48147,0.693
75450,48119,1.000
75451,48063,0.882
75452,48147,0.799
75453,48231,0.731
75454,48085,1.000
75455,48449,0.963
75457,48159,1.000
75459,48181,1.000
75460,48277,1.000
75462,48277,1.000
75468,48277,1.000
75469,48119,0.857
75470,48277,1.000
75471,48223,0.947
75472,48379,0.988
75473,48277,1.000
75474,48231,0.955
75475,48147,1.000
75476,48147,1.000
75477,48277,1.000
75478,48223,0.916
75479,48147,0.969
75480,48159,0.971
75481,48223,0.925
75482,48223,1.000
75486,48277,1.000
75487,48159,0.663
75488,48147,1.000
75489,48181,1.000
75490,48147,0.968
75491,48181,0.584
75492,48147,1.000
75493,48449,1.000
75494,48499,0.692
75495,48181,0.945
75496,48231,0.590
75497,48499,0.748
75501,48037,1.000
75503,48037,1.000
75550,48387,1.000
75551,48067,1.000
75554,48387,0.810
75555,48067,0.913
75556,48067,1.000
75558,48449,0.991
75559,48037,0.918
75560,48067,1.000
75561,48037,1.000
75562,48067,1.000
75563,48067,1.000
75564,48067,1.000
75565,48067,1.000
75566,48067,1.000
75567,48037,1.000
75568,48067,0.736
75569,48037,1.000
75570,48037,1.000
75571,48343,0.923
75572,48067,1.000
75573,48037,1.000
75574,48037,1.000
75601,48183,0.779
75602,48203,0.808
75603,48183,0.891
75604,48183,0.979
75605,48183,0.584
75630,48067,0.551
75631,48365,1.000
75633,48365,1.000
75638,48343,0.970
75639,48365,1.000
75640,48203,0.599
75641,48401,0.790
75642,48365,0.655
75643,48365,0.867
75644,48459,1.000
75645,48459,0.978
75647,48183,0.432
75650,48203,1.000
75651,48203,0.909
75652,48401,0.983
75654,48401,0.996
75656,48067,0.917
75657,48315,0.873
75658,48401,1.000
75659,48203,1.000
75661,48203,1.000
75662,48183,0.528
75667,48401,1.000
75668,48343,0.819
75669,48365,0.829
75670,48203,1.000
75671,48203,1.000
75672,48203,0.997
75680,48401,1.000
75681,48401,1.000
75682,48401,1.000
75683,48459,0.830
75684,48401,0.828
75686,48063,0.694
75687,48401,1.000
75689,48401,1.000
75691,48401,0.783
75692,48203,0.938
75693,48183,1.000
75694,48203,1.000
75701,48423,1.000
75702,48423,1.000
75703,48423,1.000
75704,48423,1.000
75705,48423,1.000
75706,48423,1.000
75707,48423,1.000
75708,48423,1.000
75709,48423,1.000
75711,48423,1.000
75750,48423,1.000
75751,48213,0.681
75752,48213,0.896
75754,48467,1.000
75755,48459,0.952
75756,48213,0.970
75757,48073,0.694
75758,48213,0.799
75759,48073,1.000
75760,48347,0.680
75762,48423,1.000
75763,48001,0.691
75764,48073,1.000
75765,48499,0.989
75766,48073,1.000
75770,48213,1.000
75771,48423,1.000
75773,48499,0.824
75778,48213,0.869
75779,48001,1.000
75780,48073,1.000
75782,48213,1.000
75783,48499,1.000
75784,48401,0.616
75785,48073,1.000
75788,48347,1.000
75789,48073,0.635
75790,48467,0.959
75791,48423,1.000
75792,48423,1.000
75801,48001,1.000
75803,48001,0.996
75831,48289,0.702
75833,48289,1.000
75835,48225,1.000
75838,48161,0.891
75839,48001,0.962
75840,48161,1.000
75844,48225,0.822
75845,48455,1.000
75846,48289,0.815
75847,48225,0.869
75848,48161,1.000
75849,48225,1.000
75850,48289,1.000
75851,48225,0.881
75852,48313,0.778
75853,48001,0.978
75855,48289,0.580
75856,48225,0.710
75858,48225,1.000
75859,48161,0.756
75860,48161,1.000
75861,48001,1.000
75862,48455,0.788
75865,48455,1.000
75884,48001,1.000
75886,48001,1.000
75901,48005,1.000
75903,48005,1.000
75904,48005,0.850
75925,48073,1.000
75926,48455,1.000
75928,48351,1.000
75929,48405,1.000
75930,48405,0.563
75931,48241,0.833
75932,48351,1.000
75933,48351,0.917
75934,48373,1.000
75935,48419,0.893
75936,48457,0.822
75937,48347,1.000
75938,48457,1.000
75939,48373,1.000
75941,48005,1.000
75942,48457,1.000
75943,48347,1.000
75944,48347,1.000
75946,48347,0.681
75948,48403,0.959
75949,48005,1.000
75951,48241,0.995
75954,48419,0.879
75956,48241,0.882
75959,48403,1.000
75960,48373,1.000
75961,48347,1.000
75962,48347,1.000
75964,48347,1.000
75965,48347,1.000
75966,48351,0.989
75968,48403,1.000
75969,48005,0.854
75972,48405,0.788
75973,48419,1.000
75974,48419,0.595
75975,48419,0.874
75976,48073,1.000
75977,48351,1.000
75979,48457,1.000
75980,48005,0.884
76001,48439,1.000
76002,48439,1.000
76005,48439,1.000
76006,48439,1.000
76008,48367,0.929
76009,48251,1.000
76010,48439,1.000
76011,48439,1.000
76012,48439,1.000
76013,48439,1.000
76014,48439,1.000
76015,48439,1.000
76016,48439,1.000
76017,48439,1.000
76018,48439,1.000
76020,48367,0.669
76021,48439,1.000
76022,48439,1.000
76023,48497,0.972
76028,48251,0.771
76031,48251,1.000
76033,48251,0.857
76034,48439,1.000
76035,48367,0.592
76036,48439,0.780
76039,48439,1.000
76040,48439,1.000
76041,48139,1.000
76043,48425,0.819
76044,48251,1.000
76048,48221,0.943
76049,48221,0.980
76050,48251,0.636
76051,48439,0.984
76052,48439,0.572
76053,48439,1.000
76054,48439,1.000
76055,48217,1.000
76058,48251,1.000
76059,48251,1.000
76060,48439,1.000
76061,48251,1.000
76063,48439,0.743
76064,48139,1.000
76065,48139,0.998
76066,48367,0.976
76067,48363,0.907
76070,48425,0.907
76071,48497,0.949
76073,48497,1.000
76077,48425,1.000
76078,48497,0.996
76082,48367,0.738
76084,48251,0.524
76085,48367,1.000
76086,48367,1.000
76087,48367,0.956
76088,48367,1.000
76092,48439,0.917
76093,48251,0.802
76102,48439,1.000
76103,48439,1.000
76104,48439,1.000
76105,48439,1.000
76106,48439,1.000
76107,48439,1.000
76108,48439,0.723
76109,48439,1.000
76110,48439,1.000
76111,48439,1.000
76112,48439,1.000
76114,48439,1.000
76115,48439,1.000
76116,48439,1.000
76117,48439,1.000
76118,48439,1.000
76119,48439,1.000
76120,48439,1.000
76123,48439,1.000
76126,48439,0.728
76127,48439,1.000
76129,48439,1.000
76131,48439,1.000
76132,48439,1.000
76133,48439,1.000
76134,48439,1.000
76135,48439,1.000
76137,48439,1.000
76140,48439,1.000
76148,48439,1.000
76155,48439,1.000
76164,48439,1.000
76177,48439,0.673
76179,48439,1.000
76180,48439,1.000
76182,48439,1.000
76201,48121,1.000
76203,48121,1.000
76205,48121,1.000
76207,48121,1.000
76208,48121,1.000
76209,48121,1.000
76210,48121,1.000
76225,48497,0.993
76226,48121,1.000
76227,48121,1.000
76228,48077,0.898
76230,48337,0.608
76233,48181,0.760
76234,48497,0.920
76238,48097,1.000
76239,48337,0.881
76240,48097,0.999
76241,48097,1.000
76244,48439,1.000
76245,48181,1.000
76247,48121,0.966
76248,48439,1.000
76249,48121,0.955
76250,48097,1.000
76251,48337,1.000
76252,48097,0.979
76253,48097,1.000
76255,48337,1.000
76258,48121,0.836
76259,48121,0.959
76261,48337,0.636
76262,48121,0.719
76263,48097,1.000
76264,48181,1.000
76265,48337,0.837
76266,48121,0.971
76267,48497,1.000
76268,48181,1.000
76270,48337,0.714
76271,48181,0.718
76272,48097,0.957
76273,48181,0.518
76301,48485,1.000
76302,48485,1.000
76305,48077,0.686
76306,48485,1.000
76308,48485,0.867
76309,48485,1.000
76310,48009,0.464
76311,48485,1.000
76351,48009,1.000
76354,48485,1.000
76357,48077,1.000
76360,48485,0.497
76363,48275,1.000
76364,48487,1.000
76365,48077,0.968
76366,48009,1.000
76367,48485,1.000
76370,48009,1.000
76371,48275,0.967
76372,48447,0.512
76373,48487,1.000
76374,48503,0.784
76377,48077,1.000
76379,48009,1.000
76380,48023,0.923
76384,48487,0.996
76388,48207,1.000
76389,48009,0.719
76401,48143,1.000
76402,48143,1.000
76424,48429,0.966
76426,48497,0.875
76427,48237,1.000
76429,48429,0.918
76430,48417,0.971
76431,48497,0.745
76432,48049,0.579
76433,48143,0.751
76435,48133,1.000
76436,48093,0.856
76437,48133,0.693
76439,48367,1.000
76442,48093,0.909
76443,48059,0.729
76444,48093,0.989
76445,48133,0.801
76446,48143,0.715
76448,48133,1.000
76449,48363,0.992
76450,48503,0.851
76452,48093,1.000
76453,48363,0.808
76454,48133,0.757
76455,48093,1.000
76457,48193,0.580
76458,48237,0.995
76459,48237,1.000
76460,48503,1.000
76462,48221,0.365
76463,48143,0.893
76464,48417,0.581
76466,48133,1.000
76469,48059,1.000
76470,48133,0.544
76471,48133,0.641
76472,48363,1.000
76474,48093,0.965
76475,48363,0.730
76476,48221,1.000
76481,48503,1.000
76483,48447,1.000
76484,48363,1.000
76486,48237,0.665
76487,48367,0.661
76490,48367,1.000
76491,48447,0.986
76501,48027,1.000
76502,48027,1.000
76504,48027,1.000
76511,48027,0.571
76513,48027,1.000
76518,48331,1.000
76519,48331,0.570
76520,48331,1.000
76522,48099,0.803
76523,48331,1.000
76524,48145,0.804
76525,48193,0.515
76527,48491,0.857
76528,48099,0.984
76530,48491,1.000
76531,48193,0.962
76534,48027,0.932
76537,48491,1.000
76538,48193,0.691
76539,48281,0.714
76541,48027,1.000
76542,48027,1.000
76543,48027,1.000
76544,48099,0.791
76548,48027,1.000
76549,48027,0.885
76550,48281,0.584
76554,48027,1.000
76556,48331,0.992
76557,48027,0.450
76559,48027,1.000
76561,48099,0.895
76565,48193,1.000
76566,48099,0.684
76567,48331,0.906
76569,48027,0.724
76570,48145,0.665
76571,48027,1.000
76573,48491,1.000
76574,48491,0.999
76577,48331,0.904
76578,48491,0.992
76579,48027,0.854
76596,48099,1.000
76597,48099,1.000
76598,48099,1.000
76599,48099,1.000
76621,48217,0.963
76622,48217,0.979
76623,48139,1.000
76624,48309,0.878
76626,48349,0.948
76627,48217,1.000
76628,48217,1.000
76629,48395,0.816
76630,48309,0.925
76631,48217,1.000
76632,48145,1.000
76633,48309,0.730
76634,48035,0.979
76635,48293,1.000
76636,48217,1.000
76637,48035,0.566
76638,48309,1.000
76639,48349,1.000
76640,48309,1.000
76641,48349,0.913
76642,48293,1.000
76643,48309,1.000
76645,48217,1.000
76648,48217,0.754
76649,48035,0.792
76650,48217,1.000
76651,48139,1.000
76652,48035,1.000
76653,48293,0.580
76654,48309,1.000
76655,48309,0.834
76656,48145,1.000
76657,48309,0.925
76660,48217,1.000
76661,48145,1.000
76664,48293,0.648
76665,48035,1.000
76666,48217,0.631
76667,48293,0.820
76670,48139,0.625
76671,48035,1.000
76673,48217,0.614
76676,48217,1.000
76678,48293,1.000
76679,48349,1.000
76680,48145,1.000
76681,48349,1.000
76682,48145,0.609
76685,48145,1.000
76686,48293,1.000
76687,48293,0.827
76689,48035,0.586
76690,48035,0.619
76691,48309,0.926
76692,48217,1.000
76693,48161,0.523
76701,48309,1.000
76704,48309,1.000
76705,48309,1.000
76706,48309,0.957
76707,48309,1.000
76708,48309,1.000
76710,48309,1.000
76711,48309,1.000
76712,48309,1.000
76798,48309,1.000
76801,48049,0.947
76802,48049,1.000
76820,48319,1.000
76821,48399,1.000
76823,48049,0.875
76824,48411,1.000
76825,48307,0.972
76827,48049,0.931
76828,48083,1.000
76831,48299,1.000
76832,48411,1.000
76834,48083,1.000
76836,48307,0.612
76837,48095,1.000
76841,48413,0.675
76842,48319,0.593
76844,48333,0.954
76845,48083,1.000
76848,48327,1.000
76849,48267,0.970
76852,48307,1.000
76853,48281,0.877
76854,48267,0.858
76856,48319,1.000
76857,48049,0.959
76858,48095,0.663
76859,48327,0.856
76861,48451,0.600
76862,48095,1.000
76864,48333,1.000
76865,48399,1.000
76866,48095,1.000
76869,48411,0.391
76870,48333,1.000
76871,48411,0.908
76872,48307,0.793
76873,48083,1.000
76874,48267,0.568
76875,48399,0.627
76877,48411,1.000
76878,48083,1.000
76880,48333,1.000
76882,48399,0.551
76884,48083,1.000
76885,48299,1.000
76887,48307,1.000
76888,48083,1.000
76890,48049,0.782
76901,48451,0.723
76902,48451,1.000
76903,48451,1.000
76904,48451,0.921
76905,48451,1.000
76908,48451,1.000
76909,48451,1.000
76930,48235,0.502
76932,48383,0.630
76933,48081,0.697
76934,48451,1.000
76935,48413,0.513
76936,48413,1.000
76937,48451,0.804
76939,48451,1.000
76940,48451,1.000
76941,48235,1.000
76943,48105,0.744
76945,48081,0.948
76950,48435,0.793
76951,48431,1.000
76953,48081,1.000
76955,48451,0.742
76957,48451,1.000
76958,48451,1.000
77002,48201,1.000
77003,48201,1.000
77004,48201,1.000
77005,48201,1.000
77006,48201,1.000
77007,48201,1.000
77008,48201,1.000
77009,48201,1.000
77010,48201,1.000
77011,48201,1.000
77012,48201,1.000
77013,48201,1.000
77014,48201,1.000
77015,48201,1.000
77016,48201,1.000
77017,48201,1.000
77018,48201,1.000
77019,48201,1.000
77020,48201,1.000
77021,48201,1.000
77022,48201,1.000
77023,48201,1.000
77024,48201,1.000
77025,48201,1.000
77026,48201,1.000
77027,48201,1.000
77028,48201,1.000
77029,48201,1.000
77030,48201,1.000
77031,48201,0.991
77032,48201,1.000
77033,48201,1.000
77034,48201,1.000
77035,48201,1.000
77036,48201,1.000
77037,48201,1.000
77038,48201,1.000
77039,48201,1.000
77040,48201,1.000
77041,48201,1.000
77042,48201,1.000
77043,48201,1.000
77044,48201,1.000
77045,48201,1.000
77046,48201,1.000
77047,48201,1.000
77048,48201,1.000
77049,48201,1.000
77050,48201,1.000
77051,48201,1.000
77053,48157,0.690
77054,48201,1.000
77055,48201,1.000
77056,48201,1.000
77057,48201,1.000
77058,48201,1.000
77059,48201,1.000
77060,48201,1.000
77061,48201,1.000
77062,48201,1.000
77063,48201,1.000
77064,48201,1.000
77065,48201,1.000
77066,48201,1.000
77067,48201,1.000
77068,48201,1.000
77069,48201,1.000
77070,48201,1.000
77071,48201,1.000
77072,48201,1.000
77073,48201,1.000
77074,48201,1.000
77075,48201,1.000
77076,48201,1.000
77077,48201,1.000
77078,48201,1.000
77079,48201,1.000
77080,48201,1.000
77081,48201,1.000
77082,48201,0.998
77083,48201,0.599
77084,48201,1.000
77085,48201,0.969
77086,48201,1.000
77087,48201,1.000
77088,48201,1.000
77089,48201,1.000
77090,48201,1.000
77091,48201,1.000
77092,48201,1.000
77093,48201,1.000
77094,48201,1.000
77095,48201,1.000
77096,48201,1.000
77098,48201,1.000
77099,48201,0.951
77204,48201,1.000
77301,48339,1.000
77302,48339,1.000
77303,48339,1.000
77304,48339,1.000
77306,48339,1.000
77316,48339,0.961
77318,48339,1.000
77320,48471,0.938
77326,48373,1.000
77327,48291,0.999
77328,48407,0.700
77331,48407,1.000
77334,48471,1.000
77335,48373,1.000
77336,48201,1.000
77338,48201,1.000
77339,48201,0.759
77340,48471,1.000
77341,48471,1.000
77342,48471,1.000
77345,48201,1.000
77346,48201,1.000
77350,48373,1.000
77351,48373,1.000
77354,48339,1.000
77355,48339,0.901
77356,48339,0.977
77357,48339,0.820
77358,48471,0.719
77359,48407,1.000
77360,48373,1.000
77362,48339,1.000
77363,48185,0.981
77364,48407,1.000
77365,48339,0.962
77367,48471,1.000
77368,48291,1.000
77369,48291,0.973
77371,48407,0.999
77372,48339,0.875
77373,48201,1.000
77374,48199,1.000
77375,48201,1.000
77376,48199,1.000
77377,48201,1.000
77378,48339,0.605
77379,48201,1.000
77380,48339,1.000
77381,48339,1.000
77382,48339,1.000
77384,48339,1.000
77385,48339,1.000
77386,48339,1.000
77388,48201,1.000
77389,48201,1.000
77396,48201,1.000
77401,48201,1.000
77406,48157,1.000
77407,48157,1.000
77412,48089,1.000
77414,48321,1.000
77415,48321,1.000
77417,48157,1.000
77418,48015,1.000
77419,48321,1.000
77420,48481,0.617
77422,48039,1.000
77423,48473,0.921
77426,48477,0.786
77428,48321,1.000
77429,48201,1.000
77430,48039,0.785
77431,48039,1.000
77432,48481,1.000
77433,48201,1.000
77434,48089,0.657
77435,48481,0.897
77436,48481,1.000
77437,48481,1.000
77440,48321,1.000
77441,48157,1.000
77442,48089,1.000
77443,48481,1.000
77444,48157,0.504
77445,48473,1.000
77446,48473,1.000
77447,48201,0.665
77448,48481,1.000
77449,48201,1.000
77450,48201,0.655
77451,48157,1.000
77453,48481,1.000
77454,48481,1.000
77455,48481,0.891
77456,48321,1.000
77457,48321,1.000
77458,48321,1.000
77459,48157,1.000
77460,48089,1.000
77461,48157,1.000
77464,48157,1.000
77465,48321,0.771
77466,48473,1.000
77467,48481,1.000
77468,48321,1.000
77469,48157,1.000
77470,48089,1.000
77471,48157,1.000
77473,48015,1.000
77474,48015,0.981
77475,48089,1.000
77476,48157,1.000
77477,48157,0.948
77478,48157,1.000
77479,48157,1.000
77480,48039,0.818
77481,48157,1.000
77482,48321,1.000
77483,48321,1.000
77484,48473,0.782
77485,48015,0.599
77486,48039,1.000
77488,48481,1.000
77489,48157,0.964
77493,48201,0.681
77494,48157,0.850
77498,48157,1.000
77502,48201,1.000
77503,48201,1.000
77504,48201,1.000
77505,48201,1.000
77506,48201,1.000
77507,48201,1.000
77510,48167,0.937
77511,48039,0.866
77514,48071,1.000
77515,48039,1.000
77517,48167,0.750
77518,48167,1.000
77519,48199,1.000
77520,48201,0.957
77521,48201,0.773
77523,48071,0.954
77530,48201,1.000
77531,48039,1.000
77532,48201,1.000
77533,48291,1.000
77534,48039,1.000
77535,48291,0.966
77536,48201,1.000
77538,48291,1.000
77539,48167,1.000
77541,48039,1.000
77545,48157,0.992
77546,48167,0.671
77547,48201,1.000
77550,48167,1.000
77551,48167,1.000
77554,48167,1.000
77555,48167,1.000
77560,48071,1.000
77561,48291,1.000
77562,48201,1.000
77563,48167,1.000
77564,48291,0.763
77565,48167,1.000
77566,48039,1.000
77568,48167,1.000
77571,48201,1.000
77573,48167,1.000
77575,48291,0.974
77577,48039,1.000
77578,48039,1.000
77580,48071,1.000
77581,48039,0.943
77582,48291,1.000
77583,48039,0.916
77584,48039,0.958
77585,48199,1.000
77586,48201,1.000
77587,48201,1.000
77590,48167,1.000
77591,48167,1.000
77597,48071,1.000
77598,48201,1.000
77611,48361,1.000
77612,48241,0.652
77613,48245,1.000
77614,48351,1.000
77615,48241,1.000
77616,48457,1.000
77617,48167,1.000
77619,48245,1.000
77622,48245,1.000
77623,48167,1.000
77624,48457,1.000
77625,48199,1.000
77627,48245,1.000
77629,48245,0.732
77630,48361,1.000
77632,48361,0.758
77640,48245,1.000
77642,48245,1.000
77650,48167,1.000
77651,48245,1.000
77655,48245,1.000
77656,48199,0.864
77657,48199,1.000
77659,48199,1.000
77660,48457,1.000
77661,48071,1.000
77662,48361,0.846
77663,48199,0.836
77664,48457,0.905
77665,48071,0.754
77701,48245,1.000
77702,48245,1.000
77703,48245,1.000
77705,48245,1.000
77706,48245,1.000
77707,48245,1.000
77708,48245,1.000
77713,48245,1.000
77801,48041,1.000
77802,48041,1.000
77803,48041,1.000
77807,48041,0.850
77808,48041,0.842
77830,48185,1.000
77831,48185,0.765
77833,48477,0.915
77835,48477,0.989
77836,48051,0.979
77837,48395,1.000
77840,48041,1.000
77843,48041,1.000
77845,48041,1.000
77852,48051,1.000
77853,48287,1.000
77855,48289,1.000
77856,48395,1.000
77857,48331,1.000
77859,48395,0.834
77861,48185,1.000
77863,48051,1.000
77864,48313,1.000
77865,48289,1.000
77866,48041,1.000
77867,48395,1.000
77868,48185,0.701
77871,48289,0.612
77872,48313,0.959
77873,48339,0.436
77875,48185,1.000
77876,48185,1.000
77878,48051,1.000
77879,48051,1.000
77880,48477,1.000
77882,48395,1.000
77901,48469,1.000
77904,48469,1.000
77905,48469,0.908
77950,48007,0.740
77951,48469,1.000
77954,48123,0.950
77957,48239,1.000
77960,48175,1.000
77961,48239,1.000
77962,48239,1.000
77963,48175,1.000
77964,48285,0.978
77968,48469,1.000
77969,48239,1.000
77970,48239,1.000
77971,48239,1.000
77973,48469,1.000
77974,48123,0.636
77975,48285,1.000
77976,48469,1.000
77977,48469,1.000
77978,48057,1.000
77979,48057,0.803
77982,48057,1.000
77983,48057,1.000
77984,48285,0.647
77986,48285,1.000
77987,48285,1.000
77988,48469,1.000
77990,48391,0.791
77991,48239,1.000
77993,48175,1.000
77994,48123,0.926
77995,48123,0.481
78001,48283,1.000
78002,48029,1.000
78003,48019,0.852
78004,48259,1.000
78005,48163,0.885
78006,48259,0.922
78007,48311,1.000
78008,48013,0.926
78009,48325,1.000
78010,48265,1.000
78011,48013,1.000
78012,48013,1.000
78013,48259,0.503
78014,48283,0.977
78015,48259,0.468
78016,48325,0.957
78017,48163,0.876
78019,48479,0.842
78021,48283,0.640
78022,48297,0.886
78023,48029,0.849
78024,48265,0.954
78025,48265,1.000
78026,48013,0.724
78027,48259,1.000
78028,48265,0.838
78029,48265,1.000
78039,48325,0.710
78040,48479,1.000
78041,48479,1.000
78043,48479,1.000
78044,48479,1.000
78045,48479,1.000
78046,48479,1.000
78050,48013,1.000
78052,48013,0.765
78055,48019,0.976
78056,48325,1.000
78057,48163,0.836
78058,48265,0.785
78059,48325,1.000
78061,48163,1.000
78062,48013,1.000
78063,48019,1.000
78064,48013,0.959
78065,48013,1.000
78066,48325,1.000
78067,48505,1.000
78069,48013,0.722
78070,48091,0.822
78071,48297,0.892
78072,48311,1.000
78073,48029,0.894
78074,48259,1.000
78075,48297,0.940
78076,48505,1.000
78101,48029,0.522
78102,48025,0.942
78104,48025,1.000
78107,48175,1.000
78108,48187,0.872
78109,48029,1.000
78111,48255,1.000
78112,48029,0.988
78113,48493,0.401
78114,48493,0.926
78116,48255,1.000
78117,48255,1.000
78118,48255,0.891
78119,48255,0.547
78121,48493,0.752
78122,48177,1.000
78123,48187,1.000
78124,48187,0.875
78125,48025,1.000
78130,48187,0.560
78132,48091,0.995
78133,48091,1.000
78140,48177,0.676
78141,48123,0.783
78142,48025,1.000
78143,48493,1.000
78144,48255,1.000
78145,48025,1.000
78146,48025,1.000
78147,48493,1.000
78148,48029,1.000
78150,48029,1.000
78151,48255,0.952
78152,48029,1.000
78154,48029,0.564
78155,48187,1.000
78159,48177,1.000
78160,48493,1.000
78161,48493,1.000
78162,48025,1.000
78163,48091,1.000
78164,48123,0.873
78201,48029,1.000
78202,48029,1.000
78203,48029,1.000
78204,48029,1.000
78205,48029,1.000
78207,48029,1.000
78208,48029,1.000
78209,48029,1.000
78210,48029,1.000
78211,48029,1.000
78212,48029,1.000
78213,48029,1.000
78214,48029,1.000
78215,48029,1.000
78216,48029,1.000
78217,48029,1.000
78218,48029,1.000
78219,48029,1.000
78220,48029,1.000
78221,48029,1.000
78222,48029,1.000
78223,48029,0.916
78224,48029,1.000
78225,48029,1.000
78226,48029,1.000
78227,48029,1.000
78228,48029,1.000
78229,48029,1.000
78230,48029,1.000
78231,48029,1.000
78232,48029,1.000
78233,48029,1.000
78234,48029,1.000
78235,48029,1.000
78236,48029,1.000
78237,48029,1.000
78238,48029,1.000
78239,48029,1.000
78240,48029,1.000
78242,48029,1.000
78243,48029,1.000
78244,48029,1.000
78245,48029,1.000
78247,48029,1.000
78248,48029,1.000
78249,48029,1.000
78250,48029,1.000
78251,48029,1.000
78252,48029,1.000
78253,48029,0.627
78254,48029,1.000
78255,48029,1.000
78256,48029,1.000
78257,48029,1.000
78258,48029,1.000
78259,48029,1.000
78260,48029,1.000
78261,48029,1.000
78263,48029,1.000
78264,48029,0.936
78266,48091,0.804
78330,48355,1.000
78332,48249,0.847
78336,48409,0.670
78338,48261,1.000
78339,48355,1.000
78340,48391,1.000
78341,48131,1.000
78342,48249,1.000
78343,48355,1.000
78344,48479,1.000
78347,48355,1.000
78349,48131,1.000
78351,48355,1.000
78352,48409,1.000
78353,48047,1.000
78355,48047,0.847
78357,48131,1.000
78358,48007,1.000
78359,48409,1.000
78360,48247,1.000
78361,48247,0.877
78362,48409,1.000
78363,48273,1.000
78368,48409,0.702
78369,48479,1.000
78370,48409,1.000
78371,48479,1.000
78372,48249,0.773
78373,48355,1.000
78374,48409,1.000
78375,48249,1.000
78376,48131,1.000
78377,48391,1.000
78379,48273,1.000
78380,48355,0.997
78382,48007,1.000
78383,48297,0.622
78384,48131,0.986
78385,48261,1.000
78387,48409,0.791
78389,48025,1.000
78390,48409,0.923
78391,48025,1.000
78393,48391,1.000
78401,48355,1.000
78402,48355,1.000
78404,48355,1.000
78405,48355,1.000
78406,48355,1.000
78407,48355,1.000
78408,48355,1.000
78409,48355,1.000
78410,48355,1.000
78411,48355,1.000
78412,48355,1.000
78413,48355,1.000
78414,48355,1.000
78415,48355,1.000
78416,48355,1.000
78417,48355,1.000
78418,48273,0.601
78419,48355,1.000
78501,48215,1.000
78503,48215,1.000
78504,48215,1.000
78516,48215,1.000
78520,48061,1.000
78521,48061,1.000
78526,48061,1.000
78535,48061,1.000
78536,48427,1.000
78537,48215,1.000
78538,48215,1.000
78539,48215,1.000
78540,48215,1.000
78541,48215,1.000
78542,48215,1.000
78543,48215,1.000
78545,48427,0.686
78547,48427,1.000
78548,48427,1.000
78549,48215,1.000
78550,48061,1.000
78552,48061,1.000
78557,48215,1.000
78558,48215,1.000
78559,48061,1.000
78560,48215,1.000
78561,48489,1.000
78562,48215,1.000
78563,48215,0.992
78564,48505,1.000
78565,48215,1.000
78566,48061,1.000
78567,48061,1.000
78569,48489,0.796
78570,48215,1.000
78572,48215,1.000
78573,48215,1.000
78574,48215,1.000
78575,48061,1.000
78576,48215,1.000
78577,48215,1.000
78578,48061,1.000
78579,48215,1.000
78580,48489,0.918
78582,48427,1.000
78583,48061,1.000
78584,48427,1.000
78585,48427,1.000
78586,48061,1.000
78588,48427,1.000
78589,48215,1.000
78590,48489,1.000
78591,48427,1.000
78592,48061,1.000
78593,48061,1.000
78594,48489,1.000
78595,48215,0.783
78596,48215,1.000
78597,48061,1.000
78598,48489,1.000
78599,48215,1.000
78602,48021,1.000
78605,48053,1.000
78606,48031,0.752
78607,48299,1.000
78608,48053,1.000
78609,48299,1.000
78610,48209,0.714
78611,48053,0.980
78612,48021,0.988
78613,48491,0.886
78614,48177,1.000
78615,48491,0.639
78616,48055,0.821
78617,48453,0.784
78618,48171,0.618
78619,48209,1.000
78620,48209,0.855
78621,48021,0.626
78622,48055,1.000
78623,48091,0.922
78624,48171,0.913
78626,48491,1.000
78628,48491,1.000
78629,48177,0.981
78631,48267,0.488
78632,48177,0.590
78633,48491,1.000
78634,48491,0.996
78635,48031,1.000
78636,48031,1.000
78638,48187,0.983
78639,48299,0.828
78640,48209,0.836
78641,48453,0.629
78642,48491,0.920
78643,48299,1.000
78644,48055,1.000
78645,48453,1.000
78648,48055,0.757
78650,48021,0.710
78652,48453,0.564
78653,48453,0.988
78654,48053,0.808
78655,48055,0.600
78656,48055,0.970
78657,48299,0.692
78658,48177,1.000
78659,48021,0.791
78660,48453,1.000
78661,48055,1.000
78662,48021,0.812
78663,48031,0.933
78664,48491,0.856
78665,48491,1.000
78666,48209,0.779
78669,48453,0.435
78670,48187,1.000
78671,48171,1.000
78672,48299,1.000
78674,48491,1.000
78675,48171,1.000
78676,48209,0.925
78677,48177,1.000
78681,48491,1.000
78701,48453,1.000
78702,48453,1.000
78703,48453,1.000
78704,48453,1.000
78705,48453,1.000
78712,48453,1.000
78717,48491,1.000
78719,48453,1.000
78721,48453,1.000
78722,48453,1.000
78723,48453,1.000
78724,48453,1.000
78725,48453,1.000
78726,48453,1.000
78727,48453,0.981
78728,48453,0.783
78729,48491,0.884
78730,48453,1.000
78731,48453,1.000
78732,48453,1.000
78733,48453,1.000
78734,48453,1.000
78735,48453,1.000
78736,48453,0.967
78737,48209,0.712
78738,48453,1.000
78739,48453,0.922
78741,48453,1.000
78742,48453,1.000
78744,48453,1.000
78745,48453,1.000
78746,48453,1.000
78747,48453,1.000
78748,48453,1.000
78749,48453,1.000
78750,48453,0.781
78751,48453,1.000
78752,48453,1.000
78753,48453,1.000
78754,48453,1.000
78756,48453,1.000
78757,48453,1.000
78758,48453,1.000
78759,48453,0.989
78801,48463,0.976
78802,48463,1.000
78827,48127,1.000
78828,48385,0.651
78829,48507,1.000
78830,48127,1.000
78832,48271,1.000
78833,48385,0.760
78834,48127,0.891
78836,48127,1.000
78837,48465,1.000
78838,48463,1.000
78839,48507,0.979
78840,48465,1.000
78841,48465,1.000
78842,48465,1.000
78843,48465,1.000
78850,48325,1.000
78851,48443,1.000
78852,48323,1.000
78860,48323,1.000
78861,48325,1.000
78870,48463,1.000
78871,48465,1.000
78872,48507,1.000
78873,48385,1.000
78877,48323,1.000
78879,48385,0.768
78880,48137,0.972
78881,48463,1.000
78883,48019,1.000
78884,48019,0.527
78885,48019,1.000
78886,48325,1.000
78931,48015,1.000
78932,48477,0.585
78933,48089,0.695
78934,48089,1.000
78935,48089,1.000
78938,48149,1.000
78940,48149,0.755
78941,48149,0.807
78942,48287,0.871
78943,48089,1.000
78944,48015,1.000
78945,48149,0.991
78946,48287,0.612
78947,48287,1.000
78948,48287,1.000
78949,48149,1.000
78950,48015,0.690
78951,48089,1.000
78953,48021,0.652
78954,48149,0.917
78956,48149,0.750
78957,48021,0.889
78959,48177,0.798
78962,48089,0.846
78963,48149,1.000
79001,48359,0.653
79002,48179,1.000
79003,48211,0.744
79005,48295,0.740
79007,48233,1.000
79008,48233,1.000
79009,48369,1.000
79010,48375,0.714
79011,48483,0.508
79012,48381,1.000
79013,48341,1.000
79014,48211,0.782
79015,48381,1.000
79016,48381,1.000
79018,48205,0.653
79019,48011,0.970
79021,48189,1.000
79022,48111,0.577
79024,48295,1.000
79025,48117,1.000
79027,48069,0.993
79029,48341,0.977
79031,48279,0.932
79032,48189,1.000
79033,48357,1.000
79034,48295,1.000
79035,48369,0.699
79036,48065,0.667
79039,48065,0.524
79040,48195,0.630
79041,48189,0.961
79042,48381,0.479
79043,48069,0.817
79044,48205,1.000
79045,48117,0.837
79046,48295,0.871
79051,48111,1.000
79052,48437,0.879
79053,48369,1.000
79054,48179,1.000
79056,48295,1.000
79057,48179,0.443
79058,48375,0.692
79059,48393,0.891
79061,48483,0.909
79062,48233,0.827
79063,48069,1.000
79064,48279,0.736
79065,48179,0.777
79066,48179,1.000
79068,48065,0.991
79070,48357,0.902
79072,48189,1.000
79073,48189,1.000
79078,48233,1.000
79079,48483,0.587
79080,48233,0.860
79081,48195,0.750
79082,48279,1.000
79083,48233,0.716
79084,48421,0.973
79085,48069,1.000
79086,48421,0.585
79087,48111,1.000
79088,48437,0.854
79091,48381,1.000
79092,48359,0.839
79093,48357,1.000
79094,48011,1.000
79095,48087,0.965
79096,48483,1.000
79097,48065,0.948
79098,48117,0.464
79101,48375,1.000
79102,48375,1.000
79103,48375,0.500
79104,48375,1.000
79106,48375,0.903
79107,48375,1.000
79108,48375,0.987
79109,48381,0.793
79110,48381,1.000
79111,48375,1.000
79118,48381,0.931
79119,48381,1.000
79121,48381,0.839
79124,48375,0.975
79201,48075,0.540
79220,48125,1.000
79223,48101,1.000
79225,48197,0.770
79226,48129,0.603
79227,48155,0.663
79229,48125,1.000
79230,48075,0.670
79231,48153,1.000
79233,48191,1.000
79234,48345,0.815
79235,48153,0.881
79236,48269,0.998
79237,48129,1.000
79239,48191,1.000
79240,48129,1.000
79241,48153,0.993
79243,48125,0.656
79244,48345,1.000
79245,48191,0.500
79247,48487,1.000
79248,48101,0.654
79250,48189,0.581
79251,48087,1.000
79252,48197,0.968
79255,48045,0.720
79256,48345,0.839
79257,48045,0.974
79258,48153,1.000
79259,48191,0.772
79261,48191,1.000
79311,48189,0.740
79312,48279,1.000
79313,48219,0.562
79314,48079,1.000
79316,48445,1.000
79322,48107,1.000
79323,48165,0.579
79324,48017,0.994
79325,48369,0.956
79326,48279,1.000
79329,48303,1.000
79330,48169,1.000
79331,48115,0.775
79336,48219,0.976
79339,48279,0.709
79342,48165,1.000
79343,48107,0.640
79344,48017,1.000
79345,48445,0.943
79346,48079,0.936
79347,48017,0.779
79350,48303,1.000
79351,48115,0.369
79353,48219,1.000
79355,48501,1.000
79356,48169,0.758
79357,48107,1.000
79358,48219,0.864
79359,48165,0.609
79360,48165,1.000
79363,48303,0.838
79364,48303,0.687
79366,48303,1.000
79367,48219,1.000
79369,48279,1.000
79370,48125,0.619
79371,48017,0.578
79372,48219,1.000
79373,48305,1.000
79376,48501,0.745
79377,48115,1.000
79378,48445,1.000
79379,48079,1.000
79380,48219,1.000
79381,48305,1.000
79382,48303,0.943
79383,48305,1.000
79401,48303,1.000
79402,48303,1.000
79403,48303,1.000
79404,48303,1.000
79406,48303,1.000
79407,48219,0.625
79410,48303,1.000
79411,48303,1.000
79412,48303,1.000
79413,48303,1.000
79414,48303,1.000
79415,48303,1.000
79416,48303,1.000
79423,48303,0.789
79424,48303,1.000
79501,48253,1.000
79502,48433,1.000
79503,48253,0.870
79504,48059,0.943
79505,48275,1.000
79506,48353,0.741
79508,48441,1.000
79510,48059,0.890
79511,48227,0.732
79512,48335,0.966
79517,48033,0.730
79518,48263,1.000
79519,48083,0.635
79520,48253,0.535
79521,48207,0.935
79525,48253,1.000
79526,48415,0.921
79527,48415,0.832
79528,48263,0.759
79529,48275,0.846
79530,48441,0.673
79532,48335,0.919
79533,48417,0.633
79534,48151,1.000
79535,48353,1.000
79536,48441,0.609
79537,48353,1.000
79538,48083,0.659
79539,48207,1.000
79540,48433,1.000
79541,48441,0.929
79543,48151,1.000
79544,48207,0.923
79545,48353,0.816
79546,48151,0.771
79547,48207,0.995
79548,48207,1.000
79549,48415,0.604
79553,48253,0.623
79556,48353,0.583
79560,48151,0.752
79561,48353,0.364
79562,48441,1.000
79563,48441,1.000
79565,48335,1.000
79566,48441,0.680
79567,48399,0.941
79601,48253,0.466
79602,48441,0.773
79603,48441,1.000
79605,48441,1.000
79606,48441,1.000
79607,48441,1.000
79699,48441,1.000
79701,48329,1.000
79703,48329,1.000
79705,48317,0.513
79706,48329,0.930
79707,48329,1.000
79713,48317,0.462
79714,48003,1.000
79718,48389,1.000
79719,48475,1.000
79720,48227,0.550
79721,48227,1.000
79730,48371,1.000
79731,48103,1.000
79733,48227,1.000
79734,48243,1.000
79735,48371,1.000
79738,48033,1.000
79739,48173,0.913
79741,48135,1.000
79742,48475,1.000
79743,48371,1.000
79744,48105,0.513
79745,48495,1.000
79748,48227,0.624
79749,48317,1.000
79752,48461,0.589
79754,48301,1.000
79755,48461,0.981
79756,48475,1.000
79758,48135,1.000
79759,48135,1.000
79761,48135,1.000
79762,48135,1.000
79763,48135,1.000
79764,48135,1.000
79765,48329,0.547
79766,48135,0.537
79769,48135,1.000
79770,48389,1.000
79772,48389,0.986
79776,48135,1.000
79777,48475,1.000
79778,48461,1.000
79780,48389,1.000
79781,48443,0.443
79782,48317,0.840
79783,48317,1.000
79785,48389,1.000
79788,48475,1.000
79789,48495,1.000
79821,48141,1.000
79830,48043,1.000
79832,48043,1.000
79834,48043,1.000
79835,48141,1.000
79836,48141,1.000
79837,48229,1.000
79838,48141,1.000
79839,48229,1.000
79842,48043,1.000
79843,48377,1.000
79845,48377,1.000
79846,48377,1.000
79847,48109,0.544
79848,48443,1.000
79849,48141,1.000
79851,48229,1.000
79852,48043,1.000
79853,48141,1.000
79854,48243,0.686
79855,48109,0.724
79901,48141,1.000
79902,48141,1.000
79903,48141,1.000
79904,48141,1.000
79905,48141,1.000
79906,48141,1.000
79907,48141,1.000
79908,48141,1.000
79911,48141,1.000
79912,48141,1.000
79915,48141,1.000
79916,48141,1.000
79918,48141,1.000
79920,48141,1.000
79922,48141,1.000
79924,48141,1.000
79925,48141,1.000
79927,48141,1.000
79928,48141,1.000
79930,48141,1.000
79932,48141,1.000
79934,48141,1.000
79935,48141,1.000
79936,48141,1.000
79938,48141,0.545
88430,48359,1.000
